Lp.,Oddział NFZ,Krótka nazwa Oddziału NFZ,Świadczeniodawca - Nazwa,Świadczeniodawca - Miejscowość,Świadczeniodawca - Adres,Świadczeniodawca - Telefon,Świadczeniodawca - adres mailowy
1,01,Dolnośląski OW NFZ,POWIATOWY ZESPÓŁ SZPITALI,OLEŚNICA,ARMII KRAJOWEJ 1,(071)776 74 27,sekretariat@pzsolesnica.pl
2,01,Dolnośląski OW NFZ,WOJEWÓDZKI SZPITAL SPECJALISTYCZNY WE WROCŁAWIU,WROCŁAW-PSIE POLE,HENRYKA MICHAŁA KAMIEŃSKIEGO 73A,(071)327 01 01,sekretariat@wssk.wroc.pl
3,01,Dolnośląski OW NFZ,WOJEWÓDZKI SZPITAL SPECJALISTYCZNY IM.J.GROMKOWSKIEGO,WROCŁAW,KOSZAROWA 5,+48 71 395 74 26,sekretariat@szpital.wroc.pl
4,01,Dolnośląski OW NFZ,DOLNOŚLĄSKI SZPITAL SPECJALISTYCZNY IM. T. MARCINIAKA - CENTRUM MEDYCYNY RATUNKOWEJ,WROCŁAW,GEN. AUGUSTA EMILA FIELDORFA 2,(071)306 44 20,szpital_marciniaka@pro.onet.pl
5,01,Dolnośląski OW NFZ,SZPITAL SPECJALISTYCZNY IM A. FALKIEWICZA WE WROCŁAWIU,WROCŁAW,WARSZAWSKA 2,(071)377 41 00,szpital@falkiewicza.internetdsl.pl
6,01,Dolnośląski OW NFZ,ZESPÓŁ OPIEKI ZDROWOTNEJ W OŁAWIE,OŁAWA,KRZYSZTOFA KAMILA BACZYŃSKIEGO 1,(071)301 13 00,zozolawa@zozolawa.wroc.pl
7,01,Dolnośląski OW NFZ,SZPITAL IM. ŚW. JADWIGI ŚLĄSKIEJ W TRZEBNICY,TRZEBNICA,PRUSICKA 53/55,(071)312 09 20,sekretariat@szpital-trzebnica.pl
8,01,Dolnośląski OW NFZ,UNIWERSYTECKI SZPITAL KLINICZNY IM. JANA MIKULICZA-RADECKIEGO WE WROCŁAWIU,WROCŁAW,BOROWSKA 213,(071)733 16 00,sekretariat@usk.wroc.p
9,01,Dolnośląski OW NFZ,4 WOJSKOWY SZPITAL KLINICZNY Z POLIKLINIKĄ SAMODZIELNY PUBLICZNY ZAKŁAD OPIEKI ZDROWOTNEJ WE WROCŁAWIU,WROCŁAW,RUDOLFA WEIGLA 5,+48 261 210 373,szpital@4wsk.pl
10,01,Dolnośląski OW NFZ,SAMODZIELNY PUBLICZNY ZAKŁAD OPIEKI ZDROWOTNEJ MINISTERSTWA SPRAW WEWNĘTRZNYCH I ADMINISTRACJI WE WROCŁAWIU,WROCŁAW-ŚRÓDMIEŚCIE,OŁBIŃSKA 32,71 7984691,sekretariat@spzozmswia.wroclaw.pl
11,01,Dolnośląski OW NFZ,DOLNOŚLĄSKIE CENTRUM CHORÓB SERCA MEDINET NZOZ,WROCŁAW,HENRYKA MICHAŁA KAMIEŃSKIEGO 73A,(071)320 94 17,biuro@medinet.pl
12,01,Dolnośląski OW NFZ,NIEPUBLICZNY ZAKŁAD OPIEKI ZDROWOTNEJ STRZELIŃSKIE CENTRUM MEDYCZNE W UPADŁOŚCI,STRZELIN,WROCŁAWSKA 46,+48 71 326 48 45,sekretariat@szpitalstrzelin.pl
13,01,Dolnośląski OW NFZ,NIEPUBLICZNY ZAKŁAD OPIEKI ZDROWOTNEJ POWIATOWE CENTRUM MEDYCZNE W WOŁOWIE,WOŁÓW,INWALIDÓW WOJENNYCH 26,(071)380 58 01,sekretariat@pcm-wolow.pl
14,01,Dolnośląski OW NFZ,MILICKIE CENTRUM MEDYCZNE SP. Z O.O.,MILICZ,GRZYBOWA 1,(071)384 05 89,sekretariat@mcm-milicz.pl
15,01,Dolnośląski OW NFZ,SPECJALISTYCZNE CENTRUM MEDYCZNE  IM. ŚW. JANA PAWŁA II SPÓŁKA AKCYJNA,POLANICA-ZDRÓJ,JANA PAWŁA II 2,(074)862 11 11,sekretariat@scm.pl
16,01,Dolnośląski OW NFZ,BYSTRZYCKIE CENTRUM ZDROWIA SPÓŁKA Z OGRANICZONĄ ODPOWIEDZIALNOŚCIĄ,BYSTRZYCA KŁODZKA,STEFANA OKRZEI 49,(074)811 04 73,sekretariat@bystrzyckiecentrumzdrowia.pl
17,01,Dolnośląski OW NFZ,"""ZESPÓŁ OPIEKI ZDROWOTNEJ"" W KŁODZKU",KŁODZKO,SZPITALNA 1A,(074)865 12 01,sekretariat@zoz.klodzko.pl
18,01,Dolnośląski OW NFZ,SAMODZIELNY PUBLICZNY ZESPÓŁ OPIEKI ZDROWOTNEJ W ŚWIDNICY,ŚWIDNICA,LEŚNA 27-29,(074)851 33 33,sekretariat@szpital.swidnica.pl
19,01,Dolnośląski OW NFZ,SPECJALISTYCZNY SZPITAL IM. DRA ALFREDA SOKOŁOWSKIEGO,WAŁBRZYCH,ALFREDA SOKOŁOWSKIEGO 4,(074)648 96 00,szpitalsokolowski@zdrowie.walbrzych.pl
20,01,Dolnośląski OW NFZ,SPECJALISTYCZNY SZPITAL GINEKOLOGICZNO-POŁOŻNICZY IM. E. BIERNACKIEGO W WAŁBRZYCHU,WAŁBRZYCH,IGNACEGO PADEREWSKIEGO 10,(074)887 71 03,sekretariat@szpital.walbrzych.pl;
21,01,Dolnośląski OW NFZ,"""MIKULICZ"" SPÓŁKA Z OGRANICZONĄ ODPOWIEDZIALNOŚCIĄ",ŚWIEBODZICE,MARII SKŁODOWSKIEJ-CURIE 3-7,(074)641 91 19,swiebodzice@emc-sa.pl
22,01,Dolnośląski OW NFZ,SZPITAL ŚW.ANTONIEGO W ZĄBKOWICACH ŚLĄSKICH,ZĄBKOWICE ŚLĄSKIE,BOLESŁAWA CHROBREGO 5,(074)641 34 00,zabkowice@emc-sa.pl
23,01,Dolnośląski OW NFZ,SZPITAL ŚW.ANTONIEGO W ZĄBKOWICACH ŚLĄSKICH,WROCŁAW,PILCZYCKA 144-148,71 7117400,wroclaw@emc-sa.pl
24,01,Dolnośląski OW NFZ,NIEPUBLICZNY ZAKŁAD OPIEKI ZDROWOTNEJ SZPITAL POWIATOWY W DZIERŻONIOWIE SP. Z O.O.,DZIERŻONIÓW,CICHA 1,+48 74 834 41 43,sekretariat@szpital.dzierzoniow.pl
25,01,Dolnośląski OW NFZ,"""GŁOGOWSKI SZPITAL POWIATOWY"" SPÓŁKA Z OGRANICZONĄ ODPOWIEDZIALNOŚCIĄ",GŁOGÓW,TADEUSZA KOŚCIUSZKI 15,(076)837 33 84,sekretariat@szpital.glogow.pl
26,01,Dolnośląski OW NFZ,WOJEWÓDZKI SZPITAL SPECJALISTYCZNY W LEGNICY,LEGNICA,JAROSŁAWA IWASZKIEWICZA 5,(076)721 13 00,wojewodzki@szpital.legnica.pl
27,01,Dolnośląski OW NFZ,"""MIEDZIOWE CENTRUM ZDROWIA"" S.A. W LUBINIE",LUBIN,MARII SKŁODOWSKIEJ-CURIE 66,+48 76 846 01 10,mcz@mcz.pl
28,01,Dolnośląski OW NFZ,JAWORSKIE CENTRUM MEDYCZNE SP. Z O.O.,JAWOR,SZPITALNA 3,(076)870 30 14,szpitaljawor@nzozjcm.pl 
29,01,Dolnośląski OW NFZ,REGIONALNE CENTRUM ZDROWIA SPÓŁKA Z OGRANICZONĄ ODPOWIEDZIALNOŚCIĄ,LUBIN,GEN. JÓZEFA BEMA 5-6,(076)840 17 38,sekretariat-rczlubin@emc-sa.pl
30,01,Dolnośląski OW NFZ,SZPITAL POWIATOWY IM.A.WOLAŃCZYKA SPÓŁKA Z OGRANICZONĄ ODPOWIEDZIALNOŚCIĄ,ZŁOTORYJA,HOŻA 11,+48 768 779 574,sekretariat@szpitalzlotoryja.pl
31,01,Dolnośląski OW NFZ,SAMODZIELNY PUBLICZNY ZESPÓŁ OPIEKI ZDROWOTNEJ W BOGATYNI,BOGATYNIA,LEONA WYCZÓŁKOWSKIEGO 15,(075)773 93 22,spzozbogatynia@interia.pl
32,01,Dolnośląski OW NFZ,ZESPÓŁ OPIEKI ZDROWOTNEJ W BOLESŁAWCU,BOLESŁAWIEC,JELENIOGÓRSKA 4,(075)738 00 00,sekretariat@zozbol.eu
33,01,Dolnośląski OW NFZ,WIELOSPECJALISTYCZNY SZPITAL -SAMODZIELNY PUBLICZNY ZESPÓŁ OPIEKI ZDROWOTNEJ W ZGORZELCU,ZGORZELEC,LUBAŃSKA 11-12,(075)772 29 00,sekretariat@spzoz.zgorzelec.pl
34,01,Dolnośląski OW NFZ,WOJEWÓDZKIE CENTRUM SZPITALNE KOTLINY JELENIOGÓRSKIEJ,JELENIA GÓRA,MICHAŁA KLEOFASA OGIŃSKIEGO 6,+48 75 37801,poczta@spzoz.jgora.pl
35,01,Dolnośląski OW NFZ,NIEPUBLICZNY ZAKŁAD OPIEKI ZDROWOTNEJ POWIATOWE CENTRUM ZDROWIA W KOWARACH,KOWARY,SANATORYJNA 15,(075)641 57 00,sekretariat@pcz-kowary.p
36,01,Dolnośląski OW NFZ,NIEPUBLICZNY ZAKŁAD OPIEKI ZDROWOTNEJ ŁUŻYCKIE CENTRUM MEDYCZNE W LUBANIU SPÓŁKA Z OGRANICZONĄ ODPOWIEDZIALNOŚCIĄ,LUBAŃ,ZAWIDOWSKA 4,(075)721 39 20,sekretariat@lcm-luban.pl
37,01,Dolnośląski OW NFZ,DOLNOŚLĄSKIE CENTRUM REHABILITACJI SPÓŁKA Z OGRANICZONĄ ODPOWIEDZIALNOŚCIĄ,KAMIENNA GÓRA,JANUSZA KORCZAKA 1,(075)645 96 00,dcr@dcr.org.pl
38,01,Dolnośląski OW NFZ,POWIATOWE CENTRUM ZDROWIA W KAMIENNEJ GÓRZE SP. Z O.O. NZOZ SZPITAL POWIATOWY,KAMIENNA GÓRA,BOHATERÓW GETTA 10,(075)744 92 73,pcz@pcz.org.pl
39,01,Dolnośląski OW NFZ,NIEPUBLICZNY ZAKŁAD OPIEKI ZDROWOTNEJ POWIATOWE CENTRUM ZDROWIA SP. Z O.O.,LWÓWEK ŚLĄSKI,GUSTAWA MORCINKA 7,(075)782 01 00,sekretariat@pczlwowek.pl
40,02,Kujawsko-Pomorski OW NFZ,SZPITAL UNIWERSYTECKI NR 1 IM. DR. ANTONIEGO JURASZA W BYDGOSZCZY,BYDGOSZCZ,M.SKŁODOWSKIEJ-CURIE 9,052 585-42-80,SEKRETARIAT@JURASZA.PL
41,02,Kujawsko-Pomorski OW NFZ,SAMODZIELNY PUBLICZNY ZAKŁAD OPIEKI ZDROWOTNEJ IM. MACIEJA Z MIECHOWA W ŁASINIE,ŁASIN,RADZYŃSKA 4,564664204,SPZOZLASIN@POCZTA.ONET.PL
42,02,Kujawsko-Pomorski OW NFZ,SAMODZIELNY PUBLICZNY ZAKŁAD OPIEKI ZDROWOTNEJ,RADZIEJÓW,SZPITALNA 3,(054) 28-56-200,METORG@PRO.ONET.PL
43,02,Kujawsko-Pomorski OW NFZ,SAMODZIELNY PUBLICZNY ZAKŁAD OPIEKI ZDROWOTNEJ W RYPINIE,RYPIN,3-GO MAJA 2,054 23 08 728,SPZOZRYPIN@INTERIA.PL
44,02,Kujawsko-Pomorski OW NFZ,WIELOSPECJALISTYCZNY SZPITAL MIEJSKI IM. DR E. WARMIŃSKIEGO SPZOZ W BYDGOSZCZY,BYDGOSZCZ,SZPITALNA 19,37-09-400,SEKRETARIAT@SZPITAL.BYDGOSZCZ.PL
45,02,Kujawsko-Pomorski OW NFZ,SPZOZ SPECJALISTYCZNY SZPITAL MIEJSKI IM. M. KOPERNIKA,TORUŃ,BATOREGO 17/19,(056) 65-57-530,INFO@MED.TORUN.PL
46,02,Kujawsko-Pomorski OW NFZ,WOJEWÓDZKI SZPITAL OBSERWACYJNO-ZAKAŹNY IM. TADEUSZA BROWICZA W BYDGOSZCZY,BYDGOSZCZ,ŚW. FLORIANA 12,052 32-55-600,SEKRETARIAT@WSOZ.PL
47,02,Kujawsko-Pomorski OW NFZ,WOJEWÓDZKI SZPITAL ZESPOLONY IM. L. RYDYGIERA W TORUNIU,TORUŃ,ŚW. JÓZEFA 53-59,(056) 67-93-500,00031606800000@ZOZ.ORG.PL
48,02,Kujawsko-Pomorski OW NFZ,SZPITAL WIELOSPECJALISTYCZNY IM. DR. LUDWIKA BŁAŻKA W INOWROCŁAWIU,INOWROCŁAW,POZNAŃSKA 97,(052) 35-45-500,MARKETING@SZPITALINO.PL
49,02,Kujawsko-Pomorski OW NFZ,SAMODZIELNY PUBL.ICZNY ZAKŁAD OPIEKI ZDROWOTNEJ W MOGILNIE,MOGILNO,KOŚCIUSZKI 10,(052)315-25-15,SEKRETARIAT@MPCZ.PL
50,02,Kujawsko-Pomorski OW NFZ,ZESPÓŁ OPIEKI ZDROWOTNEJ W BRODNICY,BRODNICA,WIEJSKA 9,56 6689100,sekretariat@zozbrodnica.pl
51,02,Kujawsko-Pomorski OW NFZ,ZESPÓŁ OPIEKI ZDROWOTNEJ W CHEŁMNIE,CHEŁMNO,PLAC DR RYDYGIERA 1,(056) 677-26-07,SEKRETARIAT@ZOZ.CHELMNO.PL
52,02,Kujawsko-Pomorski OW NFZ,REGIONALNY SZPITAL SPECJALISTYCZNY IM. DR  WŁADYSŁAWA BIEGAŃSKIEGO W GRUDZIĄDZU,GRUDZIĄDZ,DR. LUDWIKA RYDYGIERA 15/17,566413400,SEKRETARIAT.DYREKCJA@BIEGANSKI.ORG
53,02,Kujawsko-Pomorski OW NFZ,SPZOZ 10 WOJSKOWY SZPITAL KLINICZNY Z POLIKLINIKĄ,BYDGOSZCZ,POWSTAŃCÓW WARSZAWY 5,"261417220,261417222, OBSŁ.SZOI 261417376",SZPITAL@10WSK.MIL.PL
54,02,Kujawsko-Pomorski OW NFZ,SAMODZIELNY PUBLICZNY WIELOSPECJALISTYCZNY ZAKŁAD OPIEKI ZDROWOTNEJ MINISTERSTWA SPRAW WEWNĘTRZNYCH I ADMINISTRACJI W BYDGOSZCZY,BYDGOSZCZ,MARKWARTA 4-6,58-26-200,SEKRETARIAT@SZPITALMSW.BYDGOSZCZ.PL
55,02,Kujawsko-Pomorski OW NFZ,"""SZPITAL TUCHOLSKI"" SPÓŁKA Z OGRANICZONĄ ODPOWIEDZIALNOŚCIĄ",TUCHOLA,NOWODWORSKIEGO 14-18,52 33 60 503,SZPITAL@TUCHOLA.PL
56,02,Kujawsko-Pomorski OW NFZ,POWIATOWY SZPITAL W ALEKSANDROWIE KUJAWSKIM SP. Z O.O.,ALEKSANDRÓW KUJAWSKI,SŁOWACKIEGO 18,054 282-80-01,SPZCAL@POCZTA.ONET.PL
57,02,Kujawsko-Pomorski OW NFZ,SZPITAL POWIATOWY IM. DR A.GACY I DR J.ŁASKIEGO - NIEPUBLICZNY ZAKŁAD OPIEKI ZDROWOTNEJ W WIĘCBORKU,WIĘCBORK,MICKIEWICZA 26,(052) 38-96-231,SEKRETARIAT@SZPITAL-WIECBORK.PL
58,02,Kujawsko-Pomorski OW NFZ,PAŁUCKIE CENTRUM ZDROWIA SPÓŁKA Z OGRANICZONĄ ODPOWIEDZIALNOŚCIĄ,ŻNIN,SZPITALNA 30,52 30-31-341,SZPITALZNIN@SZPITALZNIN.PL
59,02,Kujawsko-Pomorski OW NFZ,"NZOZ ""NOWY SZPITAL SP. Z O.O."" PROWADZONY PRZEZ NOWY SZPITAL SP. Z O.O.",ŚWIECIE,WOJSKA POLSKIEGO 126,(41) 2401502,SEKRETARIAT@NOWYSZPITAL.PL
60,02,Kujawsko-Pomorski OW NFZ,"NIEPUBLICZNY ZAKŁAD OPIEKI ZDROWOTNEJ ""NOWY SZPITAL W NAKLE I SZUBINIE SPÓŁKA Z O.O.,,",NAKŁO NAD NOTECIĄ,MICKIEWICZA 7,41 240 10 02;  41 240 20 02,0400873@ZOZ.ORG.PL
61,02,Kujawsko-Pomorski OW NFZ,NIEPUBLICZNY ZAKŁAD OPIEKI ZDROWOTNEJ NOWY SZPITAL W WĄBRZEŹNIE - NOWY SZPITAL W WĄBRZEŹNIE SP. Z O.O.,WĄBRZEŹNO,WOLNOŚCI 27,056/688 17 25,MJODKOWSKA@NOWYSZPITAL.PL
62,02,Kujawsko-Pomorski OW NFZ,SZPITAL UNIWERSYTECKI NR 2 IM. DR JANA BIZIELA W BYDGOSZCZY,BYDGOSZCZ,UJEJSKIEGO 75,(52) 36-55-799,KANCELARIA@BIZIEL.PL
63,02,Kujawsko-Pomorski OW NFZ,"NZOZ ""SZPITAL LIPNO"" UTWORZONY PRZEZ SZPITAL LIPNO SPÓŁKA Z O.O.",LIPNO,NIESZAWSKA 6,054 288 0415,SPZOZLIPNO@PRO.ONET.PL
64,02,Kujawsko-Pomorski OW NFZ,WOJEWÓDZKI SZPITAL SPECJALISTYCZNY WE WŁOCŁAWKU,WŁOCŁAWEK,WIENIECKA 49,54 413 18 70,SEKRETARIAT@SZPITAL.WLOCLAWEK.PL
65,02,Kujawsko-Pomorski OW NFZ,SZPITAL POWIATOWY SP. Z O.O. W CHEŁMŻY,CHEŁMŻA,SZEWSKA 23,(056)6752255 LUB (056)6392234,SZPITALCHELMZA@GMAIL.COM
66,02,Kujawsko-Pomorski OW NFZ,SZPITAL POWIATOWY SPÓŁKA Z OGRANICZONĄ ODPOWIEDZIALNOŚCIĄ,GOLUB-DOBRZYŃ,KOPPA 1E,056-683-22-91,SEKRETARIAT@SZPITALGOLUB.PL
67,03,Lubelski  OW NFZ,SAMODZIELNY PUBLICZNY ZAKŁAD OPIEKI ZDROWOTNEJ,ŚWIDNIK,BOLESŁAWA LEŚMIANA 4,081 7514215,sekretariat@spzozswidnik.pl
68,03,Lubelski  OW NFZ,WOJEWÓDZKI SZPITAL SPECJALISTYCZNY IM. STEFANA KARDYNAŁA WYSZYŃSKIEGO SAMODZIELNY PUBLICZNY ZAKŁAD OPIEKI ZDROWOTNEJ W LUBLINIE,LUBLIN,ALEJA KRAŚNICKA 100,81 5374171,szpital@szpital.lublin.pl
69,03,Lubelski  OW NFZ,6 SZPITAL WOJSKOWY Z PRZYCHODNIĄ SAMODZIELNY PUBLICZNY ZAKŁAD OPIEKI ZDROWOTNEJ,DĘBLIN,SZPITALNA 2,261 51 85 03,sekretariat@szpitaldeblin.pl
70,03,Lubelski  OW NFZ,SAMODZIELNY PUBLICZNY SZPITAL KLINICZNY NR 4  W LUBLINIE,LUBLIN,DR. K. JACZEWSKIEGO 8,(081) 7244226,szpital@spsk4.lublin.pl
71,03,Lubelski  OW NFZ,SAMODZIELNY PUBLICZNY SZPITAL KLINICZNY NR 1 W LUBLINIE,LUBLIN,STASZICA 16,081 532-39-35,sekretariat@spsk1.lublin.pl
72,03,Lubelski  OW NFZ,SZPITAL NEUROPSYCHIATRYCZNY IM. PROF. M. KACZYŃSKIEGO SAMODZIELNY PUBLICZNY ZAKŁAD OPIEKI ZDROWOTNEJ,LUBLIN,ABRAMOWICKA 2,(81) 72 86 402,sekretariat@snzoz.lublin.pl
73,03,Lubelski  OW NFZ,SAMODZIELNY PUBLICZNY ZAKŁAD OPIEKI ZDROWOTNEJ MINISTERSTWA SPRAW WEWNĘTRZNYCH I ADMINISTRACJI W LUBLINIE,LUBLIN,GRENADIERÓW 3,817284626,sekretariat@szpitalmsw.pl
74,03,Lubelski  OW NFZ,SAMODZIELNY PUBLICZNY ZAKŁAD OPIEKI ZDROWOTNEJ W ŁĘCZNEJ,ŁĘCZNA,KRASNYSTAWSKA 52,(081) 7526300,spzoz@spzoz.powiatleczynski.pl
75,03,Lubelski  OW NFZ,SAMODZIELNY PUBLICZNY ZAKŁAD OPIEKI ZDROWOTNEJ W LUBARTOWIE,LUBARTÓW,CICHA 14,81 8552041,sekretariat@spzoz-lubartow.pl
76,03,Lubelski  OW NFZ,INSTYTUT  MEDYCYNY WSI IM. WITOLDA CHODŹKI,LUBLIN,JACZEWSKIEGO 2,81 7184400,imw@imw.lublin.pl
77,03,Lubelski  OW NFZ,1 WOJSKOWY SZPITAL KLINICZNY  Z POLIKLINIKĄ SAMODZIELNY PUBLICZNY ZAKŁAD OPIEKI ZDROWOTNEJ W LUBLINIE,LUBLIN,ALEJE RACŁAWICKIE 23,+48 261 18 32 00,1SZPITALWOJSKOWY@1WSZK.PL
78,03,Lubelski  OW NFZ,SAMODZIELNY PUBLICZNY ZAKŁAD OPIEKI ZDROWOTNEJ W BYCHAWIE,BYCHAWA,PIŁSUDSKIEGO 28,81 566 94 41,spzoz@spzoz.bychawa.pl
79,03,Lubelski  OW NFZ,SAMODZIELNY PUBLICZNY ZESPÓŁ ZAKŁADÓW OPIEKI ZDROWOTNEJ W JANOWIE LUBELSKIM,JANÓW LUBELSKI,JANA ZAMOYSKIEGO 149,15 84 36 611,sekretariat@szpitaljanowlubelski.pl
80,03,Lubelski  OW NFZ,SAMODZIELNY PUBLICZNY ZAKŁAD OPIEKI ZDROWOTNEJ W KRAŚNIKU,KRAŚNIK,CHOPINA 13,81 825 13 66,poczta@spzoz.krasnik.pl
81,03,Lubelski  OW NFZ,SAMODZIELNY PUBLICZNY ZAKŁAD OPIEKI ZDROWOTNEJ W PUŁAWACH,PUŁAWY,JÓZEFA BEMA 1,"81 450 22 74, 450 22 77",spzoz@szpitalpulawy.pl
82,03,Lubelski  OW NFZ,SAMODZIELNY PUBLICZNY SZPITAL WOJEWÓDZKI IM. JANA BOŻEGO W LUBLINIE,LUBLIN,MIECZYSŁAWA BIERNACKIEGO 9,81 740-20-39,SEKRETARIAT@JANBOZY.PL
83,03,Lubelski  OW NFZ,SAMODZIELNY PUBLICZNY ZAKŁAD OPIEKI ZDROWOTNEJ W ŁUKOWIE,ŁUKÓW,DOKTORA ANDRZEJA ROGALIŃSKIEGO 3,025 7982603,spzoz@spzoz.lukow.pl
84,03,Lubelski  OW NFZ,SAMODZIELNY PUBLICZNY ZAKŁAD OPIEKI ZDROWOTNEJ W MIĘDZYRZECU PODLASKIM,MIĘDZYRZEC PODLASKI,WARSZAWSKA 2-4,(083) 3718-317,spzozmc@spzozmc.pl
85,03,Lubelski  OW NFZ,SAMODZIELNY PUBLICZNY ZAKŁAD OPIEKI ZDROWOTNEJ W PARCZEWIE,PARCZEW,KOŚCIELNA 136,83 3552102,sekretariat@spzozparczew.pl
86,03,Lubelski  OW NFZ,WOJEWÓDZKI SZPITAL SPECJALISTYCZNY W BIAŁEJ PODLASKIEJ,BIAŁA PODLASKA,TEREBELSKA 57-65,083 414-72-11,sekretariat@szpitalbp.pl
87,03,Lubelski  OW NFZ,SAMODZIELNY PUBLICZNY ZAKŁAD OPIEKI ZDROWOTNEJ W RADZYNIU PODLASKIM,RADZYŃ PODLASKI,WISZNICKA 111,834132200,sekretariat@spzozrp.pl
88,03,Lubelski  OW NFZ,SAMODZIELNY PUBLICZNY WOJEWÓDZKI SZPITAL SPECJALISTYCZNY W CHEŁMIE,CHEŁM,CERAMICZNA 1,82 5623223,szpital@szpital.chelm.pl
89,03,Lubelski  OW NFZ,SAMODZIELNY PUBLICZNY ZESPÓŁ OPIEKI ZDROWOTNEJ W KRASNYMSTAWIE,KRASNYSTAW,SOBIESKIEGO 4,825431522,sekretariat@spzozkrasnystaw.pl
90,03,Lubelski  OW NFZ,SAMODZIELNY PUBLICZNY ZESPÓŁ OPIEKI ZDROWOTNEJ WE WŁODAWIE,WŁODAWA,AL. JÓZEFA PIŁSUDSKIEGO 64,82 57-25-801,sekretariat@spzoz.wlodawa.pl
91,03,Lubelski  OW NFZ,SAMODZIELNY PUBLICZNY ZESPÓŁ OPIEKI ZDROWOTNEJ W TOMASZOWIE LUBELSKIM,TOMASZÓW LUBELSKI,ALEJE GRUNWALDZKIE 1,/84/6644411,sekretariat@szpital-tomaszow.pl
92,03,Lubelski  OW NFZ,SAMODZIELNY PUBLICZNY ZESPÓŁ OPIEKI ZDROWOTNEJ,SZCZEBRZESZYN,KLUKOWSKIEGO 3,84 6823 520,BIURO@ZOZ-SZCZEBRZESZYN.PL
93,03,Lubelski  OW NFZ,SAMODZIELNY PUBLICZNY SZPITAL WOJEWÓDZKI IM. PAPIEŻA JANA PAWŁA II W ZAMOŚCIU,ZAMOŚĆ,ALEJE JANA PAWŁA II 10,(084) 6773333,szpital@szpital.zam.pl
94,03,Lubelski  OW NFZ,SAMODZIELNY PUBLICZNY ZESPÓŁ OPIEKI ZDROWOTNEJ W HRUBIESZOWIE,HRUBIESZÓW,PIŁSUDSKIEGO 11,0-84 696-26-11,sekretariat@spzozhrubieszow.pl
95,03,Lubelski  OW NFZ,SAMODZIELNY PUBLICZNY ZAKŁAD OPIEKI ZDROWOTNEJ NR 1 W BEŁŻYCACH,BEŁŻYCE,PRZEMYSŁOWA 44,(81) 516 29 26,sekretariat.zoz1@powiat.lublin.pl
96,03,Lubelski  OW NFZ,ZAMOJSKI SZPITAL NIEPUBLICZNY SPÓŁKA Z OGRANICZONĄ ODPOWIEDZIALNOŚCIĄ,ZAMOŚĆ,PEOWIAKÓW 1,(084) 6775010,zamosc@szpital.com.pl
97,03,Lubelski  OW NFZ,ARION SZPITALE SPÓŁKA Z OGRANICZONĄ ODPOWIEDZIALNOŚCIĄ,BIŁGORAJ,POJASKA 5,846882205,BIURO@ARION-SZPITALE.PL
98,03,Lubelski  OW NFZ,POWIATOWE CENTRUM ZDROWIA SPÓŁKA Z OGRANICZONĄ ODPOWIEDZIALNOŚCIĄ,OPOLE LUBELSKIE,PRZEMYSŁOWA 4A,"81 820 41 04, 81 820 40 41",sekretariat@pczol.pl
99,04,Lubuski  OW NFZ,105. KRESOWY SZPITAL WOJSKOWY Z PRZYCHODNIĄ SAMODZIELNY PUBLICZNY ZAKŁAD OPIEKI ZDROWOTNEJ W ŻARACH,ŻARY,DOMAŃSKIEGO 2,68 470 78 68,sekretariat@105szpital.pl
100,04,Lubuski  OW NFZ,SZPITAL UNIWERSYTECKI  IMIENIA KAROLA MARCINKOWSKIEGO W ZIELONEJ GÓRZE SPÓŁKA Z OGRANICZONĄ ODPOWIEDZIALNOŚCIĄ,ZIELONA GÓRA,ZYTY 26,68 32 96 236,sekretariat@szpital.zgora.pl
101,04,Lubuski  OW NFZ,WIELOSPECJALISTYCZNY SZPITAL WOJEWÓDZKI W GORZOWIE WIELKOPOLSKIM SP. Z O.O.,GORZÓW WIELKOPOLSKI,JANA DEKERTA 1,501 461 117,sekretariat@szpital.gorzow.pl
102,04,Lubuski  OW NFZ,NOWY SZPITAL WE WSCHOWIE SPÓŁKA Z OGRANICZONĄ ODPOWIEDZIALNOSCIĄ,WSCHOWA,KS. KOSTKI 33,662 376 878,sekretariat.wschowa@nowyszpital.pl
103,04,Lubuski  OW NFZ,LUBUSKIE CENTRUM ORTOPEDII IM. DR. LECHA WIERUSZA SPÓŁKA Z OGRANICZONĄ ODPOWIEDZIALNOŚCIĄ,ŚWIEBODZIN,ZAMKOWA 1,68 47 50 653,sekretariat@loro.pl
104,04,Lubuski  OW NFZ,SZPITAL MIĘDZYRZECKI SPÓŁKA Z OGRANICZONĄ ODPOWIEDZIALNOŚCIĄ,MIĘDZYRZECZ,KONSTYTUCJI 3 MAJA 35,504 231 706,sekretariat@szpitalmiedzyrzecz.pl
105,04,Lubuski  OW NFZ,SAMODZIELNY PUBLICZNY ZAKŁAD OPIEKI ZDROWOTNEJ SULĘCIN,SULĘCIN,WINCENTEGO WITOSA 7,663 489 168,sekretariat.zozsul@gmail.com
106,04,Lubuski  OW NFZ,SAMODZIELNY PUBLICZNY ZAKŁAD OPIEKI ZDROWOTNEJ W SULECHOWIE,SULECHÓW,ZWYCIĘSTWA 1,797 606 269,spzoz@spzozsulechow.med.pl
107,04,Lubuski  OW NFZ,WIELOSPECJALISTYCZNY SZPITAL W NOWEJ SOLI,NOWA SÓL,CHAŁUBIŃSKIEGO 7,68 38 82 164,sekretariat@szpital-nowasol.pl
108,04,Lubuski  OW NFZ,SAMODZIELNY PUBLICZNY ZAKŁAD OPIEKI ZDROWOTNEJ MINISTERSTWA SPRAW WEWNĘTRZNYCH I ADMINISTRACJI W ZIELONEJ GÓRZE,ZIELONA GÓRA,WAZÓW 42,68 452 77 00,dyrektor@poliklinika.zgora.pl
109,04,Lubuski  OW NFZ,"""POWIATOWE CENTRUM ZDROWIA"" SPÓŁKA Z OGRANICZONĄ ODPOWIEDZIALNOŚCIĄ",DREZDENKO,PIŁSUDSKIEGO 8,957 620 510,sekretariat@szpital-drezdenko.pl
110,04,Lubuski  OW NFZ,NIEPUBLICZNY ZAKŁAD OPIEKI ZDROWOTNEJ SZPITAL IM.DR NAUK MEDYCZNYCH RADZIMIRA ŚMIGIELSKIEGO SP. Z O.O.,SKWIERZYNA,SZPITALNA 5,512 425 732,sekretariat.skwierzyna@nowyszpital.pl
111,04,Lubuski  OW NFZ,ZACHODNIE CENTRUM MEDYCZNE,KROSNO ODRZAŃSKIE,PIASTÓW 3,512 940 464,sekretariat@szpitalzcm.pl
112,04,Lubuski  OW NFZ,SZPITAL NA WYSPIE SPÓŁKA Z OGRANICZONĄ ODPOWIEDZIALNOŚCIĄ,ŻARY,PSZENNA 2,533318212 i 684757614,info@szpitalnawyspie.pl
113,04,Lubuski  OW NFZ,NOWY SZPITAL W KOSTRZYNIE NAD ODRĄ SPÓŁKA Z OGRANICZONĄ ODPOWIEDZIALNOŚCIĄ,KOSTRZYN NAD ODRĄ,GABRIELA NARUTOWICZA 6,41 240 1811,kostrzyn@nowyszpital.pl
114,04,Lubuski  OW NFZ,NOWY SZPITAL W ŚWIEBODZINIE SPÓŁKA Z OGRANICZONĄ ODPOWIEDZIALNOŚCIĄ,ŚWIEBODZIN,MŁYŃSKA 6,500 169 874,swiebodzin@nowyszpital.pl
115,04,Lubuski  OW NFZ,NOWY SZPITAL W SZPROTAWIE SPÓŁKA Z OGRANICZONĄ ODPOWIEDZIALNOŚCIĄ,SZPROTAWA,HENRYKOWSKA 1,41 240 23 02 ,sekretariat.szprotawa@nowyszpital.pl
116,04,Lubuski  OW NFZ,NIEPUBLICZNY ZAKŁAD OPIEKI ZDROWOTNEJ SZPITAL IM. PROF.Z.RELIGI W SŁUBICACH S. Z O.O.,SŁUBICE,NADODRZAŃSKA 6,510 113 787,sekretariat@szpitalslubice.pl
117,05,Łódzki  OW NFZ,MIEJSKIE CENTRUM MEDYCZNE IM. DR.KAROLA JONSCHERA W ŁODZI,ŁÓDŹ,MILIONOWA 14,+48 42 676 17 90,sekretariat@jonscher.pl
118,05,Łódzki  OW NFZ,WOJEWÓDZKI SZPITAL SPECJALISTYCZNY IM. MARII SKŁODOWSKIEJ - CURIE W ZGIERZU,ZGIERZ,PARZĘCZEWSKA 35,+48 42 716 37 12,szpital@wss.zgierz.pl
119,05,Łódzki  OW NFZ,SP ZOZ UNIWERSYTECKI SZPITAL KLINICZNY IM.WOJSKOWEJ AKADEMII MEDYCZNEJ UM W ŁODZI - CENTRALNY SZPITAL WETERANÓW,ŁÓDŹ,STEFANA ŻEROMSKIEGO 113,+48 42 639 34 22,sekretariat@skwam.lodz.pl
120,05,Łódzki  OW NFZ,WOJEWÓDZKI SPECJALISTYCZNY SZPITAL IM. DR  WŁ. BIEGAŃSKIEGO,ŁÓDŹ,KNIAZIEWICZA 1/5,+48 422 516 059,bboczkowska@bieganski.com.pl
121,05,Łódzki  OW NFZ,INSTYTUT MEDYCYNY PRACY IM. PROF. DR MED. JERZEGO NOFERA,ŁÓDŹ,ŚW. TERESY OD DZIECIĄTKA JEZUS 8,(042)631 45 02,impx@imp.lodz.pl
122,05,Łódzki  OW NFZ,SAMODZIELNY PUBLICZNY ZAKŁAD OPIEKI ZDROWOTNEJ MINISTERSTWA SPRAW WEWNĘTRZNYCH I ADMINISTRACJI W ŁODZI,ŁÓDŹ-BAŁUTY,PÓŁNOCNA 42,(042)634 15 97,dyrekcja@zoz-mswia-lodz.pl
123,05,Łódzki  OW NFZ,WOJEWÓDZKIE WIELOSPECJALISTYCZNE CENTRUM ONKOLOGII I TRAUMATOLOGII IM. M. KOPERNIKA W ŁODZI,ŁÓDŹ,PABIANICKA 62,(042)689 50 10,szpital@kopernik.lodz.pl
124,05,Łódzki  OW NFZ,SAMODZIELNY PUBLICZNY ZAKŁAD OPIEKI ZDROWOTNEJ UNIWERSYTECKI SZPITAL KLINICZNY NR 1 IM. NORBERTA BARLICKIEGO UNIWERSYTETU MEDYCZ,ŁÓDŹ,DR. STEFANA KOPCIŃSKIEGO 22,+48 42 677 68 34,sekretariat@barlicki.pl
125,05,Łódzki  OW NFZ,SAMODZIELNY PUBLICZNY ZAKŁAD OPIEKI ZDROWOTNEJ CENTRALNY SZPITAL KLINICZNY UNIWERSYTETU MEDYCZNEGO W ŁODZI,ŁÓDŹ,POMORSKA 251,+48 42 675 75 00,poczta@csk.umed.pl
126,05,Łódzki  OW NFZ,WOJEWÓDZKI SPECJALISTYCZNY SZPITAL IM. M. PIROGOWA W ŁODZI,ŁÓDŹ,WÓLCZAŃSKA 191/195,(042)636 83 20,statystyka@pirogow.pl
127,05,Łódzki  OW NFZ,SZPITAL WOJEWÓDZKI IM. PRYMASA KARDYNAŁA STEFANA WYSZYŃSKIEGO W SIERADZU,SIERADZ,ARMII KRAJOWEJ 7,(043)827 54 26,sekretariat@szpitalsieradz.pl
128,05,Łódzki  OW NFZ,SAMODZIELNY PUBLICZNY ZESPÓŁ OPIEKI ZDROWOTNEJ W PAJĘCZNIE,PAJĘCZNO,1 MAJA 13/15,+48 343 111 663,malgosia_strugala@poczta.onet.pl
129,05,Łódzki  OW NFZ,SAMODZIELNY PUBLICZNY ZAKŁAD OPIEKI ZDROWOTNEJ WIELUŃ,WIELUŃ,SZPITALNA 16,(043)840 68 00,sekretariat@szpital-wielun.pl
130,05,Łódzki  OW NFZ,WOJEWÓDZKI SZPITAL ZESPOLONY IM. STANISŁAWA RYBICKIEGO W SKIERNIEWICACH,SKIERNIEWICE,DR STANISŁAWA RYBICKIEGO 1,+48 46 834 07 50,sekretariat@wsz-skier.pl
131,05,Łódzki  OW NFZ,ZESPÓŁ OPIEKI ZDROWOTNEJ W ŁĘCZYCY,ŁĘCZYCA,ZACHODNIA 6,+48 24 388 26 01,zozleczyca@zozleczyca.pl
132,05,Łódzki  OW NFZ,ZESPÓŁ OPIEKI ZDROWOTNEJ W ŁOWICZU,ŁOWICZ,UŁAŃSKA 28,(046)837 56 11,lowzoz@pro.onet.pl
133,05,Łódzki  OW NFZ,SAMODZIELNY SZPITAL WOJEWÓDZKI IM. MIKOŁAJA KOPERNIKA W PIOTRKOWIE TRYBUNALSKIM,PIOTRKÓW TRYBUNALSKI,RAKOWSKA 15,+48 44 648 03 00,sekretariat@szpital-piotrkow.pl
134,05,Łódzki  OW NFZ,SZPITAL WOJEWÓDZKI IM. JANA PAWŁA II W BEŁCHATOWIE,BEŁCHATÓW,CZAPLINIECKA 123,+48 44 635 82 00,szpital@szpital-belchatow.pl
135,05,Łódzki  OW NFZ,SZPITAL POWIATOWY W RADOMSKU,RADOMSKO,JAGIELLOŃSKA 36,+48 44 685 47 16,metorg@szpital.biz.pl
136,05,Łódzki  OW NFZ,SAMODZIELNY PUBLICZNY ZAKŁAD OPIEKI ZDROWOTNEJ SZPITAL POWIATOWY IM.EDMUNDA BIERNACKIEGO W OPOCZNIE,OPOCZNO,PARTYZANTÓW 30,+48 447 544 804,szpital@szpitalopoczno.pl
137,05,Łódzki  OW NFZ,SZPITAL ZAKONU BONIFRATRÓW  W ŁODZI,ŁÓDŹ,KOSYNIERÓW GDYŃSKICH 61,+48 42 685 51 63,szpital@bonifratrzy.lodz.pl
138,05,Łódzki  OW NFZ,PABIANICKIE CENTRUM MEDYCZNE SP. Z O.O.,PABIANICE,JANA PAWŁA II 68,(042)225 35 03,pcmnzoz@pcmnzoz.pl
139,05,Łódzki  OW NFZ,SZPITAL POWIATOWY W BRZEZINACH,BRZEZINY,MARII SKŁODOWSKIEJ-CURIE 6,+48 46 874 28 00,sekretariat@szpital-brzeziny.pl
140,05,Łódzki  OW NFZ,SZPITAL GŁOWNO GRUPA ZDROWIE SPÓŁKA Z OGRANICZONĄ ODPOWIEDZIALNOŚCIĄ,GŁOWNO,WOJSKA POLSKIEGO 32/34,(042)719 64 60,sekretariat@szpitalglowno.pl
141,05,Łódzki  OW NFZ,ZDUŃSKOWOLSKI SZPITAL POWIATOWY SPÓŁKA Z OGRANICZONĄ ODPOWIEDZIALNOŚCIĄ,ZDUŃSKA WOLA,KRÓLEWSKA 29,+48 43 824 41 47,sekretariat@szpital-zdwola.info
142,05,Łódzki  OW NFZ,POWIATOWE CENTRUM MEDYCZNE SP. Z.O.O. NIEPUBLICZNY ZAKŁAD OPIEKI ZDROWOTNEJ SZPITAL POWIATOWY,WIERUSZÓW,WARSZAWSKA 104,(062)784 55 00,dns.gorecka@pcm-nzoz-wieruszow.pl
143,05,Łódzki  OW NFZ,PODDĘBICKIE CENTRUM ZDROWIA,PODDĘBICE,MICKIEWICZA 16,+48 516 180 773,sekretariat@nzozpcz.pl
144,05,Łódzki  OW NFZ,SZPITAL ŁASK,ŁASK,WARSZAWSKA 62A,(043)675 21 92,sekretariat@szpitalwlasku.pl
145,05,Łódzki  OW NFZ,SAMODZIELNY PUBLICZNY ZAKŁAD OPIEKI ZDROWOTNEJ,RAWA MAZOWIECKA,NIEPODLEGŁOŚCI 8,729 059 534,jjedrasik.szpitalrawa@gmail.com
146,05,Łódzki  OW NFZ,"NIEPUBLICZNY ZAKŁAD OPIEKI ZDROWOTNEJ ""KUTNOWSKI SZPITAL SAMORZĄDOWY""",KUTNO,KOŚCIUSZKI 52,+48 24 388 02 02,nzoz.kss@szpital.kutno.pl
147,05,Łódzki  OW NFZ,TOMASZOWSKIE CENTRUM ZDROWIA,TOMASZÓW MAZOWIECKI,JANA PAWŁA II 35,(044)725 71 34,sekretariat@tomaszow.org.pl
148,05,Łódzki  OW NFZ,INSTYTUT CENTRUM ZDROWIA MATKI POLKI,ŁÓDŹ,RZGOWSKA 281/289,+48 422 711 741,biuro15@iczmp.edu.pl
149,06,Małopolski  OW NFZ,SZPITAL SPECJALISTYCZNY IM.J.DIETLA W KRAKOWIE,KRAKÓW,SKARBOWA 4,+48 12 687 63 30,sekretariat@dietl.krakow.pl
150,06,Małopolski  OW NFZ,SZPITAL POWIATOWY W CHRZANOWIE,CHRZANÓW,TOPOLOWA 16,+48 32 624 70 00,sekretariat@spch.home.pl
151,06,Małopolski  OW NFZ,SZPITAL MIEJSKI SPECJALISTYCZNY IM. GABRIELA NARUTOWICZA,KRAKÓW,PRĄDNICKA 35-37,+48 12 416 22 66,sekretariat@narutowicz.krakow.pl
152,06,Małopolski  OW NFZ,KRAKOWSKI SZPITAL SPECJALISTYCZNY IM. JANA PAWŁA II,KRAKÓW,PRĄDNICKA 80,(012)614 20 00,sekretariat@szpitaljp2.krakow.pl
153,06,Małopolski  OW NFZ,SAMODZIELNY PUBLICZNY ZAKŁAD OPIEKI ZDROWOTNEJ SZPITAL UNIWERSYTECKI W KRAKOWIE,KRAKÓW,MIKOŁAJA KOPERNIKA 36,+48 12 424 70 00,kontraktowanie@su.krakow.pl
154,06,Małopolski  OW NFZ,5 WOJSKOWY SZPITAL KLINICZNY Z POLIKLINIKĄ - SAMODZIELNY PUBLICZNY ZAKŁAD OPIEKI ZDROWOTNEJ W KRAKOWIE,KRAKÓW,WROCŁAWSKA 1-3,+48 12 630 80 02,szpital@5wszk.com.pl
155,06,Małopolski  OW NFZ,SAMODZIELNY PUBLICZNY ZESPÓŁ OPIEKI ZDROWOTNEJ W PROSZOWICACH,PROSZOWICE,MIKOŁAJA KOPERNIKA 13,+48 12 386 51 05,sekretariat@spzoz.proszowice.pl
156,06,Małopolski  OW NFZ,ZESPÓŁ ZAKŁADÓW OPIEKI ZDROWOTNEJ W WADOWICACH,WADOWICE,KARMELICKA 5,(033)872 12 00,sekretariat@zzozwadowice.pl
157,06,Małopolski  OW NFZ,SAMODZIELNY PUBLICZNY ZAKŁAD OPIEKI ZDROWOTNEJ MINISTERSTWA SPRAW WEWNĘTRZNYCH I ADMINISTRACJI W KRAKOWIE,KRAKÓW,KRONIKARZA GALLA 25,(012)662 31 00,sekretariat@zozmswkrakow.pl
158,06,Małopolski  OW NFZ,SZPITAL SPECJALISTYCZNY IM. STEFANA ŻEROMSKIEGO SAMODZIELNY PUBLICZNY ZAKŁAD OPIEKI ZDROWOTNEJ W KRAKOWIE,KRAKÓW,NA SKARPIE 66,+48 12 644 01 44,kancelaria@zeromski-szpital.pl
159,06,Małopolski  OW NFZ,SAMODZIELNY PUBLICZNY ZAKŁAD OPIEKI ZDROWOTNEJ W MYŚLENICACH,MYŚLENICE,SZPITALNA 2,+48 12 273 03 40,szpitalmys@poczta.onet.pl
160,06,Małopolski  OW NFZ,ZESPÓŁ OPIEKI ZDROWOTNEJ W OŚWIĘCIMIU,OŚWIĘCIM,WYSOKIE BRZEGI 4,+48 33 844 82 67,dyrekcja@szpitaloswiecim.pl
161,06,Małopolski  OW NFZ,SZPITAL ŚW. ANNY W MIECHOWIE,MIECHÓW,SZPITALNA 3,(041)382 03 33,sekretariat@szpital.miechow.pl
162,06,Małopolski  OW NFZ,SCANMED SPÓŁKA AKCYJNA,WARSZAWA,STEFANA OKRZEI 1A,+48 12 629 88 00,info@scanmed.pl
163,06,Małopolski  OW NFZ,SZPITAL ZAKONU BONIFRATRÓW ŚW.JANA GRANDEGO W KRAKOWIE SPÓŁKA Z OGRANICZONĄ ODPOWIEDZIALNOŚCIĄ,KRAKÓW,TRYNITARSKA 11,(012)379 71 20,sekretariat@bonifratrzy.krakow.pl
164,06,Małopolski  OW NFZ,SZPITAL SPECJALISTYCZNY IM. LUDWIKA RYDYGIERA W KRAKOWIE SPÓŁKA Z OGRANICZONĄ ODPOWIEDZIALNOŚCIĄ,KRAKÓW,OSIEDLE ZŁOTEJ JESIENI 1,(012)646 85 02,rydygier@rydygierkrakow.pl
165,06,Małopolski  OW NFZ,NOWY SZPITAL W OLKUSZU SPÓŁKA Z OGRANICZONĄ ODPOWIEDZIALNOŚCIĄ,OLKUSZ,1000-LECIA 13,+48 41 240 12 59,sekretariat.olkusz@nowyszpital.pl
166,06,Małopolski  OW NFZ,SAMODZIELNY PUBLICZNY ZAKŁAD OPIEKI ZDROWOTNEJ - SZPITAL IM.DR. JÓZEFA DIETLA W KRYNICY-ZDROJU,KRYNICA-ZDRÓJ,JÓZEFA IGNACEGO KRASZEWSKIEGO 142,(018)471 28 07,spzoz@szpital-krynica.pl
167,06,Małopolski  OW NFZ,SZPITAL POWIATOWY W LIMANOWEJ IMIENIA MIŁOSIERDZIA BOŻEGO,LIMANOWA,JÓZEFA PIŁSUDSKIEGO 61,(018)330 17 00,dyrektor@szpitallimanowa.pl
168,06,Małopolski  OW NFZ,SZPITAL SPECJALISTYCZNY IM.HENRYKA KLIMONTOWICZA W GORLICACH,GORLICE,WĘGIERSKA 21,(018)355 32 00,szpital@szpital.gorlice.pl
169,06,Małopolski  OW NFZ,SZPITAL SPECJALISTYCZNY IM. JĘDRZEJA ŚNIADECKIEGO W NOWYM SĄCZU,NOWY SĄCZ,MŁYŃSKA 10,(018)443 88 77,rozliczenianfz@szpitalnowysacz.pl
170,06,Małopolski  OW NFZ,PODHALAŃSKI SZPITAL SPECJALISTYCZNY IM. JANA PAWŁA II W NOWYM TARGU,NOWY TARG,SZPITALNA 14,+48 18 263 30 00,sekretariat@pszs.eu
171,06,Małopolski  OW NFZ,UNIWERSYTECKI SZPITAL ORTOPEDYCZNO-REHABILITACYJNY W ZAKOPANEM,ZAKOPANE,OSWALDA BALZERA 15,(018)202 21 03,administracja@klinika.net.pl
172,06,Małopolski  OW NFZ,ZESPÓŁ OPIEKI ZDROWOTNEJ W SUCHEJ BESKIDZKIEJ,SUCHA BESKIDZKA,SZPITALNA 22,(033)872 31 00,sekretariat@zozsuchabeskidzka.pl
173,06,Małopolski  OW NFZ,SZPITAL POWIATOWY IM. DR TYTUSA CHAŁUBIŃSKIEGO W ZAKOPANEM,ZAKOPANE,KAMIENIEC 10,+48 18 201 53 51,sekretariat@szpital-zakopane.pl
174,06,Małopolski  OW NFZ,"SAMODZIELNY PUBLICZNY ZAKŁAD OPIEKI ZDROWOTNEJ W BOCHNI ""SZPITAL POWIATOWY"" IM. BŁ. MARTY WIECKIEJ",BOCHNIA,KRAKOWSKA 31,+48 14 615 34 00,administracja@szpital-bochnia.pl
175,06,Małopolski  OW NFZ,ZESPÓŁ OPIEKI ZDROWOTNEJ W DĄBROWIE TARNOWSKIEJ,DĄBROWA TARNOWSKA,SZPITALNA 1,+48 14 642 28 31,sekretariat@zozdt.pl
176,06,Małopolski  OW NFZ,SAMODZIELNY PUBLICZNY ZESPÓŁ OPIEKI ZDROWOTNEJ W BRZESKU,BRZESKO,TADEUSZA KOŚCIUSZKI 68,+48 14 662 14 25,szpital@spzoz-brzesko.pl
177,06,Małopolski  OW NFZ,SPECJALISTYCZNY SZPITAL IM. E. SZCZEKLIKA W TARNOWIE,TARNÓW,SZPITALNA 13,+48 14 631 01 00,administracja@ssz.tar.pl
178,06,Małopolski  OW NFZ,SZPITAL WOJEWÓDZKI IM.ŚW.ŁUKASZA SAMODZIELNY PUBLICZNY ZAKŁAD OPIEKI ZDROWOTNEJ W TARNOWIE,TARNÓW,LWOWSKA 178A,+48 14 631 50 00,hospital@lukasz.med.pl
179,07,Mazowiecki  OW NFZ,WOJEWÓDZKI SZPITAL ZAKAŹNY W WARSZAWIE,WOLA,WOLSKA 37,33 55 225,SEKRETARIAT@ZAKAZNY.PL
180,07,Mazowiecki  OW NFZ,SZPITAL CZERNIAKOWSKI SPÓŁKA Z OGRANICZONĄ ODPOWIEDZIALNOŚCIĄ,WARSZAWA,STĘPIŃSKA 19/25,022 31 86 214,SEKRETARIAT@SZPITALCZERNIAKOWSKI.WAW.PL
181,07,Mazowiecki  OW NFZ,SAMODZIELNY PUBLICZNY SPECJALISTYCZNY SZPITAL ZACHODNI IM.ŚW. JANA PAWŁA II,GRODZISK MAZOWIECKI,DALEKA 11,022/ 755 55 17,SEKRETARIAT@SZPITALZACHODNI.PL
182,07,Mazowiecki  OW NFZ,SZPITAL MATKI BOŻEJ NIEUSTAJĄCEJ POMOCY W WOŁOMINIE,WOŁOMIN,GDYŃSKA 1/3,022 76 33 259,SEKRETARIAT@SZPITALWOLOMIN.PL
183,07,Mazowiecki  OW NFZ,"SZPITAL SPECJALISTYCZNY ""INFLANCKA"" IM. KRYSI NIŻYŃSKIEJ ""ZAKURZONEJ"" W WARSZAWIE SAMODZIELNY PUBLICZNY ZAKŁAD OPIEKI ZDROWOTNEJ",WARSZAWA,INFLANCKA 6,8311241--6,sekretariat@inflancka.pl
184,07,Mazowiecki  OW NFZ,NOWODWORSKIE CENTRUM MEDYCZNE W NOWYM DWORZE MAZOWIECKIM,NOWY DWÓR MAZOWIECKI,MIODOWA 2,775-25-12/775-47-40,RUM@NCM.MED.PL
185,07,Mazowiecki  OW NFZ,CENTRUM MEDYCZNE IM. BITWY WARSZAWSKIEJ 1920 R. W RADZYMINIE - SAMODZIELNY PUBLICZNY ZESPÓŁ ZAKŁADÓW OPIEKI ZDROWOTNEJ,RADZYMIN,KONSTYTUCJI 3 MAJA 17,022-760-71-70,SEKRETARIAT@CMRADZYMIN.PL
186,07,Mazowiecki  OW NFZ,"ZESPÓŁ OPIEKI ZDROWOTNEJ ""SZPITALA POWIATOWEGO""  W SOCHACZEWIE",SOCHACZEW,BATALIONÓW CHŁOPSKICH 3/7,046 864 95 40,KANCELARIA@SZPITALSOCHACZEW.PL
187,07,Mazowiecki  OW NFZ,SZPITAL WOLSKI IM. DR ANNY GOSTYŃSKIEJ SAMODZIELNY PUBLICZNY ZAKŁAD OPIEKI ZDROWOTNEJ,WARSZAWA,KASPRZAKA 17,(22) 38-94-703,KANCELARIA@WOLSKI.MED.PL
188,07,Mazowiecki  OW NFZ,MIĘDZYLESKI SZPITAL SPECJALISTYCZNY W WARSZAWIE,WARSZAWA,BURSZTYNOWA 2,4735330,KANCELARIA@MSSW.PL
189,07,Mazowiecki  OW NFZ,SAMODZIELNY PUBLICZNY ZESPÓŁ ZAKŁADÓW OPIEKI ZDROWOTNEJ W PRUSZKOWIE,PRUSZKÓW,ARMII KRAJOWEJ 2/4,(022) 758-80-02,STAROSTWO@POWIAT.PRUSZKOW.PL
190,07,Mazowiecki  OW NFZ,CENTRALNY SZPITAL KLINICZNY MSW I A W WARSZAWIE,WARSZAWA,WOŁOSKA 137,022 508 20 00,DYREKCJA@CSKMSWIA.PL
191,07,Mazowiecki  OW NFZ,WOJSKOWY INSTYTUT MEDYCYNY LOTNICZEJ,WARSZAWA,KRASIŃSKIEGO 54/56,261 852 873,LECZNICTWO@WIML.WAW.PL
192,07,Mazowiecki  OW NFZ,SZPITAL BIELAŃSKI IM.KS.JERZEGO POPIEŁUSZKI SAMODZIELNY PUBLICZNY ZAKŁAD OPIEKI ZDROWOTNEJ,WARSZAWA,UL. CEGŁOWSKA 80,022 56-90-500 CENTRALA,DYREKTOR@BIELANSKI.MED.PL
193,07,Mazowiecki  OW NFZ,"NARODOWY INSTYTUT GERIATRII, REUMATOLOGII I REHABILITACJI IM. PROF. DR HAB. MED. ELEONORY REICHER",WARSZAWA,SPARTAŃSKA 1,22/8447797,RZECZNIK.PP@SPARTANSKA.PL
194,07,Mazowiecki  OW NFZ,SAMODZIELNY PUBLICZNY ZESPÓŁ ZAKŁADÓW OPIEKI ZDROWOTNEJ W ŻUROMINIE,ŻUROMIN,SZPITALNA 56,023 657-22-01,SEKRETARIAT@SZPITAL-ZUROMIN.PL
195,07,Mazowiecki  OW NFZ,UNIWERSYTECKIE CENTRUM KLINICZNE WARSZAWSKIEGO UNIWERSYTETU MEDYCZNEGO,WARSZAWA,BANACHA 1A,599 15 00,SZPITALBANACHA@SPCSK.PL
196,07,Mazowiecki  OW NFZ,SAMODZIELNY PUBLICZNY SZPITAL KLINICZNY IM. PROF. WITOLDA ORŁOWSKIEGO CENTRUM MEDYCZNEGO KSZTAŁCENIA PODYPLOMOWEGO W WARSZAWIE,WARSZAWA,CZERNIAKOWSKA 231,5841400,SZPITAL@SZPITAL-ORLOWSKIEGO.PL
197,07,Mazowiecki  OW NFZ,UNIWERSYTECKIE CENTRUM KLINICZNE WARSZAWSKIEGO UNIWERSYTETU MEDYCZNEGO,WARSZAWA,BANACHA 1A,"022 317 91 64, 022 317 91 65",SZPITAL@SPDSK.EDU.PL
198,07,Mazowiecki  OW NFZ,UNIWERSYTECKIE CENTRUM KLINICZNE WARSZAWSKIEGO UNIWERSYTETU MEDYCZNEGO,WARSZAWA,BANACHA 1A,22 502 20 00,SZPITAL@DZIECIATKAJEZUS.PL
199,07,Mazowiecki  OW NFZ,INSTYTUT FIZJOLOGII I PATOLOGII SŁUCHU,WARSZAWA,MOCHNACKIEGO 10,022/ 3118102,SEKRETARIAT@IFPS.ORG.PL
200,07,Mazowiecki  OW NFZ,SZPITAL SPECJALISTYCZNY IM. ŚWIĘTEJ RODZINY SAMODZIELNY PUBLICZNY ZAKŁAD OPIEKI ZDROWOTNEJ,WARSZAWA,MADALIŃSKIEGO 25,022/ 450 22 15,SEKRETARIAT@SZPITALMADALINSKIEGO.PL
201,07,Mazowiecki  OW NFZ,SZPITAL KLINICZNY IM. KS. ANNY MAZOWIECKIEJ,WARSZAWA,KAROWA 2,022 59 66 100,SEKRETARIAT@SZPITALKAROWA.PL
202,07,Mazowiecki  OW NFZ,SAMODZIELNY PUBLICZNY ZESPÓŁ ZAKŁADÓW OPIEKI ZDROWOTNEJ W WYSZKOWIE,WYSZKÓW,KOMISJI EDUKACJI NARODOWEJ 1,/029/ 743-76-00,KANCELARIA@SZPITALWYSZKOW.PL
203,07,Mazowiecki  OW NFZ,SAMODZIELNY PUBLICZNY ZAKŁAD OPIEKI ZDROWOTNEJ - ZESPÓŁ ZAKŁADÓW,MAKÓW MAZOWIECKI,WITOSA 2,(29) 71 42 400,SZPITAL@SZPITAL-MAKOW.PL
204,07,Mazowiecki  OW NFZ,MAZOWIECKI SZPITAL SPECJALISTYCZNY IM. DR JÓZEFA PSARSKIEGO W OSTROŁĘCE,OSTROŁĘKA,AL. JANA PAWŁA II 120A,029/ 765 21 22,SZPITALO@SZPITAL.OSTROLEKA.PL
205,07,Mazowiecki  OW NFZ,SAMODZIELNY PUBLICZNY ZESPÓŁ ZAKŁADÓW OPIEKI ZDROWOTNEJ W PRZASNYSZU,PRZASNYSZ,SADOWA 9,29 75-34-318,SZPITALPRZASNYSZ@O2.PL
206,07,Mazowiecki  OW NFZ,SAMODZIELNY PUBLICZNY ZESPÓŁ ZAKŁADÓW OPIEKI ZDROWOTNEJ W OSTROWI MAZOWIECKIEJ,OSTRÓW MAZOWIECKA,DUBOISA 68,(029)746 37 11 DO 20,SPZZOZOM@WP.PL
207,07,Mazowiecki  OW NFZ,SAMODZIELNY PUBLICZNY ZAKŁAD OPIEKI ZDROWOTNEJ W SOKOŁOWIE PODLASKIM,SOKOŁÓW PODLASKI,KS. J. BOSKO 5,025 781 72 00,kancelaria@spzozsokolow.pl
208,07,Mazowiecki  OW NFZ,SAMODZIELNY PUBLICZNY ZAKŁAD OPIEKI ZDROWOTNEJ W GARWOLINIE,GARWOLIN,LUBELSKA 50,25 68-44-949,SPZOZGARWOLIN@SPZOZGARWOLIN.PL
209,07,Mazowiecki  OW NFZ,SAMODZIELNY PUBLICZNY ZAKŁAD OPIEKI ZDROWOTNEJ W SIEDLCACH,SIEDLCE,KILIŃSKIEGO 29,25 6322797,SEKRETARIAT@SPZOZ-SIEDLCE.PL
210,07,Mazowiecki  OW NFZ,SAMODZIELNY PUBLICZNY ZESPÓŁ OPIEKI ZDROWOTNEJ,MIŃSK MAZOWIECKI,SZPITALNA 37,25 506 51 00,SPZOZMM@SPZOZMM.PL
211,07,Mazowiecki  OW NFZ,SAMODZIELNY PUBLICZNY ZAKŁAD OPIEKI ZDROWOTNEJ W WĘGROWIE,WĘGRÓW,KOŚCIUSZKI 15,(025)7922833,SPZOZ@ONET.PL
212,07,Mazowiecki  OW NFZ,SAMODZIELNY PUBLICZNY ZAKŁAD OPIEKI ZDROWOTNEJ,ŁOSICE,SŁONECZNA 1,083/ 357 32 31,SPZOZLOSICE@PRO.ONET.PL
213,07,Mazowiecki  OW NFZ,SAMODZIELNY PUBLICZNY ZESPÓŁ ZAKŁADÓW OPIEKI ZDROWOTNEJ W ZWOLENIU,ZWOLEŃ,ALEJA POKOJU 5,048 6762574,1400069@ZOZ.ORG.PL
214,07,Mazowiecki  OW NFZ,RADOMSKI SZPITAL SPECJALISTYCZNY IM.DR TYTUSA CHAŁUBIŃSKIEGO,RADOM,LEKARSKA 4,0-48 361-51-42,SEKRETARIAT@RSZS.REGIONY.PL
215,07,Mazowiecki  OW NFZ,SAMODZIELNY PUBLICZNY ZESPÓŁ ZAKŁADÓW OPIEKI ZDROWOTNEJ W PIONKACH IM. LECHA I MARII KACZYŃSKICH - PARY PREZYDENCKIEJ,PIONKI,SIENKIEWICZA 29,48 612 13 81,SPZZOZ@SPZZOZPIONKI.PL
216,07,Mazowiecki  OW NFZ,SAMODZIELNY PUBLICZNY  ZESPÓŁ ZAKŁADÓW OPIEKI ZDROWOTNEJ W LIPSKU,LIPSKO,JĘDRZEJA ŚNIADECKIEGO 2,48 378 36 00,67099777300000@ZOZ.ORG.PL
217,07,Mazowiecki  OW NFZ,SAMODZIELNY PUBLICZNY ZESPÓŁ ZAKŁADÓW OPIEKI ZDROWOTNEJ W PRZYSUSZE,PRZYSUCHA,ALEJA JANA PAWŁA II 9A,048 383-35-00,SEKRETARIAT@SPZZOZPRZYSUCHA.PL
218,07,Mazowiecki  OW NFZ,SAMODZIELNY PUBLICZNY ZESPÓŁ ZAKŁADÓW OPIEKI ZDROWOTNEJ W KOZIENICACH,KOZIENICE,AL. WŁ. SIKORSKIEGO 10,48 38-28-800,SEKRETARIAT@SZPITALKOZIENICE.PL
219,07,Mazowiecki  OW NFZ,SAMODZIELNY PUBLICZNY ZESPÓŁ ZAKŁADÓW OPIEKI ZDROWOTNEJ - SZPITAL W IŁŻY,IŁŻA,BODZENTYŃSKA 17,048/ 616 30 63,SZRILZA@SZPITALILZA.COM.PL
220,07,Mazowiecki  OW NFZ,SAMODZIELNY PUBLICZNY ZAKŁAD OPIEKI ZDROWOTNEJ W NOWYM MIEŚCIE NAD PILICĄ,NOWE MIASTO NAD PILICĄ,TOMASZOWSKA 43 43,048/ 674 38 00,SEKRETARIAT@ZOZ-NOWEMIASTO.NET
221,07,Mazowiecki  OW NFZ,SPECJALISTYCZNY SZPITAL WOJEWÓDZKI W CIECHANOWIE,CIECHANÓW,POWSTAŃCÓW WIELKOPOLSKICH 2,023/ 672 32 71/4,SEKRETARIAT@SZPITALCIECHANOW.COM.PL
222,07,Mazowiecki  OW NFZ,SAMODZIELNY PUBLICZNY ZAKŁAD OPIEKI ZDROWOTNEJ W MŁAWIE,MŁAWA,DR ANNY DOBRSKIEJ 1,023/654-32-35,SEKRETARIAT@SZPITALMLAWA.PL
223,07,Mazowiecki  OW NFZ,SAMODZIELNY PUBLICZNY ZESPÓŁ ZAKŁADÓW OPIEKI ZDROWOTNEJ IM. MARSZAŁKA JÓZEFA PIŁSUDSKIEGO W PŁOŃSKU,PŁOŃSK,HENRYKA SIENKIEWICZA 7,23 661 34 00,SEKRETARIAT@SZPITALPLONSK.PL
224,07,Mazowiecki  OW NFZ,SAMODZIELNY PUBLICZNY ZESPÓŁ ZAKŁADÓW OPIEKI ZDROWOTNEJ W SIERPCU,SIERPC,JULIUSZA SŁOWACKIEGO 32,024-275-85-01,SEKRETARIAT@SPZZOZSIERPC.PL
225,07,Mazowiecki  OW NFZ,WOJEWÓDZKI SZPITAL ZESPOLONY W PŁOCKU,PŁOCK,MEDYCZNA 19,(024) 36 46 100,SEKRETARIAT@WSZPLOCK.PL
226,07,Mazowiecki  OW NFZ,WOJSKOWY INSTYTUT MEDYCZNY,WARSZAWA,SZASERÓW 128,261 817 666,DYREKCJA@WIM.MIL.PL
227,07,Mazowiecki  OW NFZ,PŁOCKI ZAKŁAD OPIEKI ZDROWOTNEJ SP. Z O.O.,PŁOCK,TADEUSZA KOŚCIUSZKI 28,0243645100,SEKRETARIAT@PLOCKIZOZ.PL
228,07,Mazowiecki  OW NFZ,ARION MED SPÓŁKA Z OGRANICZONĄ ODPOWIEDZIALNOŚCIĄ,LUBLIN,ZWIĄZKOWA 4,24 236 09 00,SEKRETARIAT@ARIONMED.PL
229,07,Mazowiecki  OW NFZ,MAZOWIECKI SZPITAL SPECJALISTYCZNY SPÓŁKA Z OGRANICZONĄ ODPOWIEDZIALNOŚCIĄ,RADOM,JULIANA ALEKSANDROWICZA 5,48 361 39 00,SZPITAL@WSS.COM.PL
230,07,Mazowiecki  OW NFZ,POWIATOWE CENTRUM MEDYCZNE W GRÓJCU SPÓŁKA Z O.O.,GRÓJEC,KS. PIOTRA SKARGI 10,48/ 664 91 00,SEKRETARIAT@PCMG.PL
231,07,Mazowiecki  OW NFZ,SZPITAL SOLEC SPÓŁKA Z OGRANICZONĄ ODPOWIEDZIALNOŚCIĄ,WARSZAWA,SOLEC 93,22-250 62 48,SZPITAL.SOLEC@CMSOLEC.PL
232,07,Mazowiecki  OW NFZ,MAZOWIECKI SZPITAL BRÓDNOWSKI W WARSZAWIE SP. Z O.O.,WARSZAWA,KONDRATOWICZA 8,"(22) 326-59-87, 326-58-00",SEKRETARIAT-MED@BRODNOWSKI.PL; DOM@BRODNOWSKI.PL
233,07,Mazowiecki  OW NFZ,MAZOWIECKI SZPITAL WOJEWÓDZKI IM. ŚW. JANA PAWŁA II W SIEDLCACH  SP. Z O.O.,SIEDLCE,PONIATOWSKIEGO 26,25 6403214,SEKRETARIAT@SZPITAL.SIEDLCE.PL
234,07,Mazowiecki  OW NFZ,MAZOWIECKIE CENTRUM REHABILITACJI STOCER SPÓŁKA Z OGRANICZONĄ ODPOWIEDZIALNOŚCIĄ,KONSTANCIN-JEZIORNA,WIERZEJEWSKIEGO 12,227119000,STOCER@STOCER.PL
235,07,Mazowiecki  OW NFZ,NIEPUBLICZNY ZAKŁAD OPIEKI ZDROWOTNEJ SZPITAL ŚW. ANNY W PIASECZNIE,PIASECZNO,MICKIEWICZA 39,(022)735-41-00,PIASECZNO@EMC-SA.PL
236,07,Mazowiecki  OW NFZ,CENTRUM ZDROWIA MAZOWSZA ZACHODNIEGO SPÓŁKA Z OGRANICZONĄ ODPOWIEDZIALNOŚCIĄ,ŻYRARDÓW,B. LIMANOWSKIEGO 30/.,46 8552011,SEKRETARIAT@SZPITALZYRARDOW.PL
237,07,Mazowiecki  OW NFZ,POWIATOWE CENTRUM ZDROWIA SPÓŁKA Z OGRANICZONĄ ODPOWIEDZIALNOŚCIĄ W RESTRUKTURYZACJI,OTWOCK,BATOREGO 44,22 778-26-10,SEKRETARIAT@PCZ-OTWOCK.PL
238,07,Mazowiecki  OW NFZ,SZPITAL GROCHOWSKI IM. DR MED. RAFAŁA MASZTAKA SPÓŁKA Z OGRANICZONĄ ODPOWIEDZIALNOŚĆIĄ,WARSZAWA,GRENADIERÓW 51/59,22 810 42 09,SZPITAL@GROCHOWSKI.WAW.PL
239,07,Mazowiecki  OW NFZ,SZPITAL PRASKI P.W. PRZEMIENIENIA PAŃSKIEGO,WARSZAWA,AL. SOLIDARNOŚCI 67,+48 22 555 1222,SEKRETARIAT@PRASKI.WAW.PL
240,07,Mazowiecki  OW NFZ,SZPITAL POWIATOWY GAJDA-MED SPÓŁKA Z OGRANICZONĄ ODPOWIEDZIALNOŚCIĄ,PUŁTUSK,TEOFILA KWIATKOWSKIEGO 19,23 6919901,SEKRETARIAT@SZPITAL.PULTUSK.PL
241,07,Mazowiecki  OW NFZ,LUX MED. ONKOLOGIA SP.Z O.O.,WARSZAWA,SZAMOCKA 6,22 469 83 55,sekretariat.onkologia@luxmed.pl
242,08,Opolski  OW NFZ,SZPITAL W BIAŁEJ,BIAŁA,MONIUSZKI 8,+48 77 438 70 33,stankala@o2.pl 
243,08,Opolski  OW NFZ,BRZESKIE CENTRUM MEDYCZNE,BRZEG,SERGIUSZA MOSSORA 1,(077)444 66 66,d.sinkowska@bcmbrzeg.pl
244,08,Opolski  OW NFZ,SZPITAL POWIATOWY W GŁUBCZYCACH,GŁUBCZYCE,SKŁODOWSKIEJ 26,(077)480 11 70,barbara.apczynska@szpitalglubczyce.pl
245,08,Opolski  OW NFZ,SAMODZIELNY PUBLICZNY ZAKŁAD OPIEKI ZDROWOTNEJ SZPITAL SPECJALISTYCZNY MINISTERSTWA SPRAW WEWNĘTRZNYCH I ADMINISTRACJI W GŁUCHOŁ,GŁUCHOŁAZY,KARŁOWICZA 40,(077)408 01 55,mga@szpitalmsw-glucholazy.pl
246,08,Opolski  OW NFZ,SAMODZIELNY PUBLICZNY ZESPÓŁ OPIEKI ZDROWOTNEJ W KĘDZIERZYNIE-KOŹLU,KĘDZIERZYN-KOŹLE,24 KWIETNIA 5,+48 774 062 500,kwantula@e-szpital.eu
247,08,Opolski  OW NFZ,OPOLSKIE CENTRUM REHABILITACJI SPÓŁKA Z OGRANICZONĄ ODPOWIEDZIALNOŚCIĄ,KORFANTÓW,WYZWOLENIA 11,(077)434 40 00,r.misztal.ocr@interia.pl
248,08,Opolski  OW NFZ,ZESPÓŁ OPIEKI ZDROWOTNEJ W NYSIE,NYSA,BOHATERÓW WARSZAWY 34,,epidemiologia@zoznysa.pl
249,08,Opolski  OW NFZ,ZESPÓŁ OPIEKI ZDROWOTNEJ W OLEŚNIE,OLESNO,KLONOWA 1,(034)350 96 65,pieepi@szpitalolesno.pl
250,08,Opolski  OW NFZ,116 SZPITAL WOJSKOWY Z PRZYCHODNIĄ SAMODZIELNY PUBLICZNY ZAKŁAD OPIEKI ZDROWOTNEJ,OPOLE,WALEREGO WRÓBLEWSKIEGO 46,(077)449 51 29,pnacz@116szpital.opole.pl
251,08,Opolski  OW NFZ,SAMODZIELNY PUBLICZNY ZAKŁAD OPIEKI ZDROWOTNEJ MINISTERSTWA SPRAW WEWNĘTRZNYCH I ADMINISTRACJI W OPOLU,OPOLE,KRAKOWSKA 44,+48 77 401 11 72,ahytrek@spzozmswia.opole.pl
252,08,Opolski  OW NFZ,SZPITAL WOJEWÓDZKI W OPOLU SPÓŁKA Z OGRANICZONĄ ODPOWIEDZIALNOŚCIĄ,OPOLE,AUGUSTYNA KOŚNEGO 53,,epidemiologia@szpital.opole.pl
253,08,Opolski  OW NFZ,WOJEWÓDZKI SZPITAL SPECJALISTYCZNY IM. ŚW. JADWIGI W OPOLU,OPOLE,WODOCIĄGOWA 4,,m.widera@wszn.opole.pl
254,08,Opolski  OW NFZ,UNIWERSYTECKI SZPITAL KLINICZNY W OPOLU,OPOLE,ALEJA WINCENTEGO WITOSA 26,+48 77 452 07 45,zofia.maj-twardy@usk.opole.pl
255,08,Opolski  OW NFZ,SZPITAL POWIATOWY IM. PRAŁATA J. GLOWATZKIEGO W STRZELCACH OPOLSKICH,STRZELCE OPOLSKIE,OPOLSKA 36A,(077)461 32 91,jolanta.jokiel@szpital.strzelce-op.pl
256,08,Opolski  OW NFZ,EMC INSTYTUT MEDYCZNY SPÓŁKA AKCYJNA SZPITAL ŚWIĘTEGO ROCHA W OZIMKU,OZIMEK ,CZĘSTOCHOWSKA 31,+48 77 427 34 00,malgorzata.ziewiecka@emc-sa.pl
257,08,Opolski  OW NFZ,POWIATOWE CENTRUM ZDROWIA S.A SZPITAL POWIATOWY,KLUCZBORK,SKŁODOWSKIEJ-CURIE 23,+48 77 417 35 00;+48 604 468 854,naczelna@pczszpitalkl.nazwa.pl
258,08,Opolski  OW NFZ,PRUDNICKIE CENTRUM MEDYCZNE SPÓŁKA AKCYJNA - NIEPUBLICZNY ZAKŁAD OPIEKI ZDROWOTNEJ W PRUDNIKU,PRUDNIK,SZPITALNA 14,(077)406 78 85,m.jablonska@pcm.prudnik.pl
259,08,Opolski  OW NFZ,KRAPKOWICKIE CENTRUM ZDROWIA SPÓŁKA Z OGRANICZONĄ ODPOWIEDZIALNOŚCIĄ,KRAPKOWICE,OSIEDLE XXX LECIA 21,(077)446 72 28,szczepienia@kcz.krapkowice.pl
260,08,Opolski  OW NFZ,NAMYSŁOWSKIE CENTRUM ZDROWIA SPÓŁKA AKCYJNA,NAMYSŁÓW,OLEŚNICKA 4,,archiwum@zoznamyslow.pl
261,09,Podkarpacki  OW NFZ,ZESPÓŁ OPIEKI ZDROWOTNEJ W DĘBICY,DĘBICA,KRAKOWSKA 91,(014)670 30 20,info@zoz-debica.pl
262,09,Podkarpacki  OW NFZ,CENTRUM OPIEKI MEDYCZNEJ,JAROSŁAW,3 MAJA 70,(016)621 54 21,sekretariat@comjar.pl
263,09,Podkarpacki  OW NFZ,SZPITAL SPECJALISTYCZNY W JAŚLE,JASŁO,LWOWSKA 22,(013)443 75 03,szpital@szpital.jaslo.pl
264,09,Podkarpacki  OW NFZ,SAMODZIELNY PUBLICZNY ZESPÓŁ OPIEKI ZDROWOTNEJ,KOLBUSZOWA,GRUNWALDZKA 4,(017)227 12 22,sekretariat@szpital.kolbuszowa.pl
265,09,Podkarpacki  OW NFZ,SAMODZIELNY PUBLICZNY ZESPÓŁ OPIEKI ZDROWOTNEJ W LESKU,LESKO,KAZIMIERZA WIELKIEGO 4,(013)469 80 71,spzoz@spzozlesko.pl
266,09,Podkarpacki  OW NFZ,SAMODZIELNY PUBLICZNY ZESPÓŁ OPIEKI ZDROWOTNEJ W LEŻAJSKU,LEŻAJSK,LEŚNA 22,(017)240 47 65,sekretariat@spzoz-lezajsk.pl
267,09,Podkarpacki  OW NFZ,SAMODZIELNY PUBLICZNY ZAKŁAD OPIEKI ZDROWOTNEJ W LUBACZOWIE,LUBACZÓW,ADAMA MICKIEWICZA 168,(016)632 81 00,sekretariat@szpital.lubczowski.com
268,09,Podkarpacki  OW NFZ,SZPITAL SPECJALISTYCZNY IM. EDMUNDA BIERNACKIEGO W MIELCU,MIELEC,ŻEROMSKIEGO 22,(017)780 01 00,sekretariat@szpital.mielec.pl
269,09,Podkarpacki  OW NFZ,SZPITAL SPECJALISTYCZNY W BRZOZOWIE PODKARPACKI OŚRODEK ONKOLOGICZNY IM. KS. B. MARKIEWICZA,BRZOZÓW,KS. JÓZEFA BIELAWSKIEGO 18,(013)430 95 52,onkologia@szpital-brzozow.pl
270,09,Podkarpacki  OW NFZ,SAMODZIELNY PUBLICZNY ZESPÓŁ ZAKŁADÓW OPIEKI ZDROWOTNEJ W NISKU,NISKO,TADEUSZA KOŚCIUSZKI 1,(015)841 67 03,info@szpital-nisko.pl
271,09,Podkarpacki  OW NFZ,SZPITAL POWIATOWY,NOWA DĘBA,M.C.SKŁODOWSKIEJ 1A,(015)846 26 51,sekretariat@zoznowadeba.pl
272,09,Podkarpacki  OW NFZ,SAMODZIELNY PUBLICZNY ZAKŁAD OPIEKI ZDROWOTNEJ,PRZEWORSK,SZPITALNA 16,(016)649 15 00,sekretariat@spzoz-przeworsk.pl
273,09,Podkarpacki  OW NFZ,ZESPÓŁ OPIEKI ZDROWOTNEJ,ROPCZYCE,KSIĘDZA KARDYNAŁA STEFANA WYSZYŃSKIEGO 54,+48 17 221 86 16,zozropczyce@pro.onet.pl
274,09,Podkarpacki  OW NFZ,SAMODZIELNY PUBLICZNY ZESPÓŁ OPIEKI ZDROWOTNEJ NR 1 W RZESZOWIE,RZESZÓW,TADEUSZA CZACKIEGO 2,(017)853 58 70,biuro@spzoz1.rzeszow.pl
275,09,Podkarpacki  OW NFZ,"SAMODZIELNY PUBLICZNY ZESPÓŁ OPIEKI ZDROWOTNEJ ""SANATORIUM"" IM. JANA PAWŁA II W GÓRNIE",GÓRNO,RZESZOWSKA 5,(017)772 89 33,biuro@gorno.eu
276,09,Podkarpacki  OW NFZ,SAMODZIELNY PUBLICZNY ZESPÓŁ OPIEKI ZDROWOTNEJ W SANOKU,SANOK,800-LECIA 26,(013)465 61 00,szpital@zozsanok.pl
277,09,Podkarpacki  OW NFZ,SAMODZIELNY PUBLICZNY ZESPÓŁ ZAKŁADÓW OPIEKI ZDROWOTNEJ POWIATOWY SZPITAL SPECJALISTYCZNY W STALOWEJ WOLI,STALOWA WOLA,STASZICA 4,(015)843 32 05,sekretariat@szpital-stw.com
278,09,Podkarpacki  OW NFZ,ZESPÓŁ OPIEKI ZDROWOTNEJ W STRZYŻOWIE,STRZYŻÓW,DĄBROWSKIEGO 10,(017)276 11 07,sekretariat@zozstrzyzow.pl
279,09,Podkarpacki  OW NFZ,SAMODZIELNY PUBLICZNY ZESPÓŁ OPIEKI ZDROWOTNEJ W USTRZYKACH DOLNYCH,USTRZYKI DOLNE,29 LISTOPADA 57,(013)461 10 11,sekretariat@spzoz-ustrzyki.pl
280,09,Podkarpacki  OW NFZ,WOJEWÓDZKI SZPITAL IM. ŚW.OJCA PIO W PRZEMYŚLU,PRZEMYŚL,MONTE CASSINO 18,+48 16 677 50 00,sekretariat@wszp.pl
281,09,Podkarpacki  OW NFZ,WOJEWÓDZKI SZPITAL IM. ZOFII Z ZAMOYSKICH TARNOWSKIEJ W TARNOBRZEGU,TARNOBRZEG,SZPITALNA 1,(015)812 30 01,sekretariat@szpitaltbg.pl
282,09,Podkarpacki  OW NFZ,WOJEWÓDZKI SZPITAL PODKARPACKI IM. JANA PAWŁA II W KROŚNIE,KROSNO,KORCZYŃSKA 57,+48 13 437 85 86,szpital@krosno.med.pl
283,09,Podkarpacki  OW NFZ,KLINICZNY SZPITAL WOJEWÓDZKI NR 1 IM. FRYDERYKA CHOPINA W RZESZOWIE,RZESZÓW,FRYDERYKA SZOPENA 2,(017)866 60 01,sekretariat@szpital.rzeszow.pl
284,09,Podkarpacki  OW NFZ,KLINICZNY SZPITAL WOJEWÓDZKI NR 2 IM. ŚW. JADWIGI KRÓLOWEJ W RZESZOWIE,RZESZÓW,LWOWSKA 60,(017)866 44 44,sekretariat@szpital2.rzeszow.pl
285,09,Podkarpacki  OW NFZ,SAMODZIELNY PUBLICZNY ZAKŁAD OPIEKI ZDROWOTNEJ MINISTERSTWA SPRAW WEWNĘTRZNYCH I ADMINISTRACJI W RZESZOWIE,RZESZÓW,KRAKOWSKA 16,(017)853 27 70,iod@szpitalmsw.rzeszow.pl
286,09,Podkarpacki  OW NFZ,POLSKO-AMERYKAŃSKIE KLINIKI SERCA CENTRUM SERCOWO NACZYNIOWE AMBULATORYJNA OPIEKA SPECJALISTYCZNA W MIELCU,MIELEC,ŻEROMSKIEGO 22,(017)780 03 47,sekretariat@szpital.mielec.pl
287,09,Podkarpacki  OW NFZ,CENTRUM MEDYCZNE W ŁAŃCUCIE SP. Z O.O.,ŁAŃCUT,IGNACEGO PADEREWSKIEGO 5,(017)224 01 21,sekretariat@cm-lancut.pl
288,09,Podkarpacki  OW NFZ,SZPITAL SPECJALISTYCZNY PRO-FAMILIA SPÓŁKA Z OGRANICZONĄ ODPOWIEDZIALNOŚCIĄ SPÓŁKA KOMANDYTOWA,RZESZÓW,WITOLDA 6B,(017)717 50 48,sekretariat@pro-familia.pl
289,09,Podkarpacki  OW NFZ,NOWE TECHNIKI MEDYCZNE SZPITAL SPECJALISTYCZNY IM. ŚW RODZINY SP. Z O.O.,RUDNA MAŁA,600,+48 17 866 67 00,sekretariat@klinika-rzeszow.pl
290,10,Podlaski  OW NFZ,SAMODZIELNY PUBLICZNY ZAKŁAD OPIEKI ZDROWOTNEJ MINISTERSTWA SPRAW WEWNĘTRZNYCH I ADMINISTRACJI W BIAŁYMSTOKU IM. MARIANA ZYNDRAMA-KOŚCIAŁKOWSKIEGO,BIAŁYSTOK,FABRYCZNA 27,085 8694967,sekretariat@zozmswia.bialystok.pl
291,10,Podlaski  OW NFZ,SZPITAL OGÓLNY IM. DR WITOLDA GINELA W GRAJEWIE,GRAJEWO,KONSTYTUCJI 3 MAJA 34,(86) 272-32-71,sekretariat@szpital-grajewo.pl 
292,10,Podlaski  OW NFZ,SZPITAL WOJEWÓDZKI IM.KARDYNAŁA STEFANA WYSZYŃSKIEGO,ŁOMŻA,AL. MARSZ. JÓZEFA PIŁSUDSKIEGO 11,086 473-36-26,szczepienia.covid@szpital-lomza.pl 
293,10,Podlaski  OW NFZ,UNIWERSYTECKI SZPITAL KLINICZNY W BIAŁYMSTOKU,BIAŁYSTOK,M.C.SKŁODOWSKIEJ 24 A,(0-85) 831-80-00,szczepienia@uskwb.pl 
294,10,Podlaski  OW NFZ,SZPITAL WOJEWÓDZKI IM. DR. LUDWIKA RYDYGIERA W SUWAŁKACH,SUWAŁKI,SZPITALNA 60,87 56 29 421,wojewodzki@szpital.suwalki.pl
295,10,Podlaski  OW NFZ,SAMODZIELNY PUBLICZNY ZAKŁAD OPIEKI ZDROWOTNEJ W AUGUSTOWIE,AUGUSTÓW,SZPITALNA 12,(87) 644 42 84,sekretariat@spzoz.augustow.pl
296,10,Podlaski  OW NFZ,SAMODZIELNY PUBLICZNY ZAKŁAD OPIEKI ZDROWOTNEJ W SEJNACH,SEJNY,DR  E. RITTLERA 2,87 517 23 14,sekretariat@szpital.sejny.pl
297,10,Podlaski  OW NFZ,SP ZOZ WOJEWÓDZKI SZPITAL ZESPOLONY IM. J. ŚNIADECKIEGO,BIAŁYSTOK,M. SKŁODOWSKIEJ- CURIE 26,(0-85) 748-85-00,epidemiologia@sniadecja.pl 
298,10,Podlaski  OW NFZ,SAMODZIELNY PUBLICZNY ZAKŁAD OPIEKI ZDROWOTNEJ W HAJNÓWCE,HAJNÓWKA,DOC. ADAMA DOWGIRDA 9,(0-85) 682-92-02,jjozwik@spzoz.hanowka.pl 
299,10,Podlaski  OW NFZ,SAMODZIELNY PUBLICZNY ZAKŁAD OPIEKI ZDROWOTNEJ W ŁAPACH,ŁAPY,JANUSZA KORCZAKA 23,(085) 814-24-39,sekretariat@szpitallapy.pl
300,10,Podlaski  OW NFZ,SAMODZIELNY PUBLICZNY ZAKŁAD OPIEKI ZDROWOTNEJ W SOKÓŁCE,SOKÓŁKA,GEN. WŁADYSŁAWA SIKORSKIEGO 40,(0 85) 722-04-63,kadry@szpitalsokolka.pl 
301,10,Podlaski  OW NFZ,SAMODZIELNY PUBLICZNY ZAKŁAD OPIEKI ZDROWOTNEJ W BIELSKU PODLASKIM,BIELSK PODLASKI,KLESZCZELOWSKA 1,85 833 43 30,e.galuszewska@spzoz-bielsk.pl
302,10,Podlaski  OW NFZ,SAMODZIELNY PUBLICZNY ZAKŁAD OPIEKI ZDROWOTNEJ W DĄBROWIE BIAŁOSTOCKIEJ,DĄBROWA BIAŁOSTOCKA,M. C. SKŁODOWSKIEJ 15,(0-85) 712-12-06,spzoz@home.pl
303,10,Podlaski  OW NFZ,SAMODZIELNY PUBLICZNY ZAKŁAD OPIEKI ZDROWOTNEJ W MOŃKACH,MOŃKI,NIEPODLEGŁOŚCI 9,668877590,epidemiologia@szpital-monki.h2.pl
304,10,Podlaski  OW NFZ,SAMODZIELNY PUBLICZNY ZAKŁAD OPIEKI ZDROWOTNEJ W SIEMIATYCZACH,SIEMIATYCZE,SZPITALNA 8,(0-85) 655-28-25,spzozsiemiatycze@gmail.com
305,10,Podlaski  OW NFZ,SZPITAL OGÓLNY W KOLNIE,KOLNO,WOJSKA POLSKIEGO 69,86-2782350,sekretariat@szpitalkolno.pl
306,10,Podlaski  OW NFZ,SZPITAL OGÓLNY W WYSOKIEM MAZOWIECKIEM,WYSOKIE MAZOWIECKIE,SZPITALNA 5,086 4775501,rum@szpitalwysmaz.pl
307,10,Podlaski  OW NFZ,SAMODZIELNY SZPITAL MIEJSKI IM. PCK,BIAŁYSTOK,SIENKIEWICZA 79,85 664 85 19,nfz@szpitalpck.pl
308,10,Podlaski  OW NFZ,SAMODZIELNY PUBLICZNY ZAKŁAD OPIEKI ZDROWOTNEJ IM. DR E. JELSKIEGO,KNYSZYN,GRODZIEŃSKA 96,"085 71 67 624, 085 72 79 172",spzoz_knyszyn@poczta.fm
309,10,Podlaski  OW NFZ,SZPITAL POWIATOWY W ZAMBROWIE SPÓŁKA Z OGRANICZONĄ ODPOWIEDZIALNOŚCIĄ,ZAMBRÓW,PAPIEŻA JANA PAWŁA II 3,862763600,sekretariat@szpitalzambrow.pl
310,11,Pomorski  OW NFZ,UNIWERSYTECKIE CENTRUM KLINICZNE,GDAŃSK,DĘBINKI 7,(058)349 20 00,amiecznikowska@uck.gda.pl
311,11,Pomorski  OW NFZ,SAMODZIELNY PUBLICZNY ZAKŁAD OPIEKI ZDROWOTNEJ W CZŁUCHOWIE,CZŁUCHÓW,SZCZECIŃSKA 16,(059)834 24 59,jbielecka@spzoz-czluchow.pl 
312,11,Pomorski  OW NFZ,SZPITAL SPECJALISTYCZNY SŁUPSK,SŁUPSK,HUBALCZYKÓW 1,(059)846 06 00,p.brozyna@szpital.slupsk.pl
313,11,Pomorski  OW NFZ,SZPITAL SPECJALISTYCZNY IM.J.K.ŁUKOWICZA W CHOJNICACH,CHOJNICE,LEŚNA 10,(052)395 67 69,marketing@szpital.chojnice.pl
314,11,Pomorski  OW NFZ,115 SZPITAL WOJSKOWY Z PRZYCHODNIĄ SAMODZIELNY PUBLICZNY ZAKŁAD OPIEKI ZDROWOTNEJ W HELU,HEL,BOCZNA 10,(058)675 00 50,wioletta_schabowska@tlen.pl
315,11,Pomorski  OW NFZ,COPERNICUS PODMIOT LECZNICZY SPÓŁKA Z OGRANICZONĄ ODPOWIEDZIALNOŚCIĄ,GDAŃSK,NOWE OGRODY 1-6,+48 58 302 30 31,mkulpan@copernicus.gda.pl
316,11,Pomorski  OW NFZ,SAMODZIELNY PUBLICZNY SPECJALISTYCZNY ZAKŁAD OPIEKI ZDROWOTNEJ,LĘBORK,JULIANA WĘGRZYNOWICZA 13,(059)863 53 25,sekretariat@szpital-lebork.home.pl
317,11,Pomorski  OW NFZ,SZPITALE POMORSKIE SPÓŁKA Z OGRANICZONĄ ODPOWIEDZIALNOŚCIĄ SZPITAL ŚW. WINCENTEGO A PAULO ,GDYNIA,WÓJTA RADTKEGO 1,(058)726 01 19,kontraktowanie@szpitalepomorskie.eu
318,11,Pomorski  OW NFZ,SZPITALE POMORSKIE SPÓŁKA Z OGRANICZONĄ ODPOWIEDZIALNOŚCIĄ SZPITAL SPECJALISTYCZNY IM. F CEYNOWY,WEJHEROWO,JAGALSKIEGO 10,(058)726 01 19,kontraktowanie@szpitalepomorskie.eu
319,11,Pomorski  OW NFZ,SZPITALE POMORSKIE SPÓŁKA Z OGRANICZONĄ ODPOWIEDZIALNOŚCIĄ POMORSKIE CENTRUM CHORÓB ZAKAŹNYCH I GRUŹLICY ,GDAŃSK,SMOLUCHOWSKIEGO 18,(058)726 01 19,kontraktowanie@szpitalepomorskie.eu
320,11,Pomorski  OW NFZ,7 SZPITAL MARYNARKI WOJENNEJ Z PRZYCHODNIĄ SPZOZ IMIENIA KONTRADMIRAŁA PROFESORA WIESŁAWA ŁASIŃSKIEGO W GDAŃSKU,GDAŃSK,POLANKI 117,+48 58 552 63 26,przychodnia@7szmw.pl
321,11,Pomorski  OW NFZ,SAMODZIELNY PUBLICZNY ZAKŁAD OPIEKI ZDROWOTNEJ MINISTERSTWA SPRAW WEWNĘTRZNYCH I ADMINISTRACJI W GDAŃSKU,GDAŃSK,KARTUSKA 4/6,(058)309 82 22,sekretariat@zozmswia.gda.pl 
322,11,Pomorski  OW NFZ,"NIEPUBLICZNY ZAKŁAD OPIEKI ZDROWOTNEJ ""ZDROWIE""",KWIDZYN,GEN. JÓZEFA HALLERA 31,(055)645 83 00,elzbieta.jaworska@emc-sa.pl
323,11,Pomorski  OW NFZ,UNIWERSYTECKIE CENTRUM MEDYCYNY MORSKIEJ I TROPIKALNEJ,GDYNIA,POWSTANIA STYCZNIOWEGO 9B,(058)622 42 28,awosachlo@ucmmit.gdynia.pl
324,11,Pomorski  OW NFZ,SZPITAL IM. DR JADWIGI OBODZIŃSKIEJ-KRÓL W MALBORKU,MALBORK,ALEJA ARMII KRAJOWEJ 105/106,(055)646 02 64,iwona.sulewska@pcz.net.pl
325,11,Pomorski  OW NFZ,SZPITALE TCZEWSKIE,TCZEW,30-GO STYCZNIA 57/58,,murach.helena@szpitaletczewskiesa.pl
326,11,Pomorski  OW NFZ,NIEPUBLICZNY ZAKŁAD OPIEKI ZDROWOTNEJ IM. DR ALEKSANDRA MAJKOWSKIEGO,KARTUZY,FLORIANA CEYNOWY 7,(058)685 48 89,poradnie@pczkartuzy.pl
327,11,Pomorski  OW NFZ,NIEPUBLICZNY ZAKŁAD OPIEKI ZDROWOTNEJ SZPITAL POWIATU BYTOWSKIEGO,BYTÓW,LĘBORSKA 13,(059)822 85 00,lplotek@bytow.biz
328,11,Pomorski  OW NFZ,SZPITAL POLSKI SZTUM,SZTUM,REJA 12,(055)640 61 00,tlawrynowicz@szpitale-polskie.pl
329,11,Pomorski  OW NFZ,SZPITAL ŚW. JANA,STAROGARD GDAŃSKI,DRA JÓZEFA BALEWSKIEGO 1,(058)562 30 31,i.tucholska@szpital-starogard.pl
330,11,Pomorski  OW NFZ,SZPITAL PUCKI SP. Z O.O.,PUCK,1-GO MAJA 13A,(058)380 02 91,teresakonkel@szpitalpucki.pl
331,11,Pomorski  OW NFZ,SZPITAL SPECJALISTYCZNY W KOŚCIERZYNIE SPÓŁKA Z OGRANICZONĄ ODPOWIEDZIALNOŚCIĄ,KOŚCIERZYNA,ALOJZEGO PIECHOWSKIEGO 36,(058)686 01 11,d.warpas@szpital.koscierzyna.pl
332,11,Pomorski  OW NFZ,SZPITALE POMORSKIE SPÓŁKA Z OGRANICZONĄ ODPOWIEDZIALNOŚCIĄ,GDYNIA,POWSTANIA STYCZNIOWEGO 1,(058)726 01 19 ,kontraktowanie@szpitalepomorskie.eu
333,11,Pomorski  OW NFZ,COPERNICUS PODMIOT LECZNICZY SPÓŁKA Z OGRANICZONĄ ODPOWIEDZIALNOŚCIĄ SZPITAL ŚW. WOJCIECHA ,GDAŃSK,JANA PAWŁA II 50,+48 58 302 30 31,mkulpan@copernicus.gda.pl
334,11,Pomorski  OW NFZ,SZPITAL MIEJSKI W MIASTKU SPÓŁKA Z OGRANICZONĄ ODPOWIEDZIALNOŚCIĄ,MIASTKO,GEN. WYBICKIEGO 30,(059)857 09 02,izbaprzyjec@szpitalmiastko.pl
335,12,Śląski  OW NFZ,SAMODZIELNY PUBLICZNY ZAKŁAD OPIEKI ZDROWOTNEJ ZESPÓŁ SZPITALI MIEJSKICH W CHORZOWIE,CHORZÓW,STRZELCÓW BYTOMSKICH 11,,zsm@zsm.com.pl
336,12,Śląski  OW NFZ,ZESPÓŁ OPIEKI ZDROWOTNEJ W ŚWIĘTOCHŁOWICACH SPÓŁKA Z OGRANICZONĄ ODPOWIEDZIALNOŚCIĄ,ŚWIĘTOCHŁOWICE,CHORZOWSKA 38,+48 32 245 50 41,sekretariat@zoz.net.pl
337,12,Śląski  OW NFZ,GÓRNOŚLĄSKIE CENTRUM MEDYCZNE IM. PROF. LESZKA GIECA ŚLĄSKIEGO UNIWERSYTETU MEDYCZNEGO W KATOWICACH,KATOWICE,ZIOŁOWA 45-47,,dyrektor@gcm.pl
338,12,Śląski  OW NFZ,OKRĘGOWY SZPITAL KOLEJOWY W KATOWICACH SPZOZ,KATOWICE,PANEWNICKA 65,(032)605 35 35,sekretariat@kolejowy.katowice.pl
339,12,Śląski  OW NFZ,SAMODZIELNY PUBLICZNY WOJEWÓDZKI SZPITAL CHIRURGII URAZOWEJ IM.DR J. DAABA,PIEKARY ŚLĄSKIE,BYTOMSKA 62,(032)393 42 59,sekretariat@urazowka.piekary.pl
340,12,Śląski  OW NFZ,SZPITAL SPECJALISTYCZNY NR 1 W BYTOMIU,BYTOM,STEFANA ŻEROMSKIEGO 7,(032)396 32 44,info@szpital1.bytom.pl
341,12,Śląski  OW NFZ,SZPITAL SPECJALISTYCZNY NR 2 W BYTOMIU,BYTOM,STEFANA BATOREGO 15,(032)786 14 00,sekretariat@szpital2.bytom.pl
342,12,Śląski  OW NFZ,SPZOZ WOJEWÓDZKI SZPITAL SPECJALISTYCZNY NR 4 W BYTOMIU,BYTOM,ALEJA LEGIONÓW 10,(032)281 02 71,szpital@szpital4.bytom.pl
343,12,Śląski  OW NFZ,SZPITAL MIEJSKI W SIEMIANOWICACH ŚLĄSKICH SPÓŁKA Z OGRANICZONĄ ODPOWIEDZIALNOŚCIĄ,SIEMIANOWICE ŚLĄSKIE,1 MAJA 9,(032)228 30 30,sekretariat@zozsiemianowice.pl
344,12,Śląski  OW NFZ,CENTRUM LECZENIA OPARZEŃ IM. DR STANISŁAWA SAKIELA W SIEMIANOWICACH ŚLĄSKICH,SIEMIANOWICE ŚLĄSKIE,JANA PAWŁA II 2,+48 32 735 74 80,clo@clo.com.pl
345,12,Śląski  OW NFZ,SZPITAL MURCKI SPÓŁKA Z OGRANICZONĄ ODPOWIEDZIALNOŚCIĄ,KATOWICE,ALFREDA SOKOŁOWSKIEGO 2,(032)255 63 37,sekretariat@szpitalmurcki.pl
346,12,Śląski  OW NFZ,UNIWERSYTECKIE CENTRUM KLINICZNE IM. PROF. K. GIBIŃSKIEGO ŚLĄSKIEGO UNIWERSYTETU MEDYCZNEGO W KATOWICACH,KATOWICE,CEGLANA 35,(032)358 12 54,sekretariat@uck.katowice.pl
347,12,Śląski  OW NFZ,"SAMODZIELNY PUBLICZNY SZPITAL KLINICZNY IM. ANDRZEJA MIELĘCKIEGO ŚLĄSKIEGO UNIWERSYTETU MEDYCZNEGO W KATOWICACH,",KATOWICE,FRANCUSKA 20/24,(032)259 12 00,SPSKM@SPSKM.KATOWICE.PL
348,12,Śląski  OW NFZ,KATOWICKIE CENTRUM ONKOLOGII,KATOWICE,RACIBORSKA 26,(032)251 52 31,szpital@kco.katowice.pl
349,12,Śląski  OW NFZ,SAMODZIELNY PUBLICZNY ZAKŁAD OPIEKI ZDROWOTNEJ MINISTERSTWA SPRAW WEWNĘTRZNYCH I ADMINISTRACJI W KATOWICACH IM. SIERŻANTA GRZEGO,KATOWICE,BARTOSZA GŁOWACKIEGO 10,(032)782 73 75,zozmsw@zozmsw.katowice.pl
350,12,Śląski  OW NFZ,SP ZOZ SZPITAL NR 2 IM. DR. TADEUSZA BOCZONIA W MYSŁOWICACH,MYSŁOWICE,BYTOMSKA 41,(032)318 33 48,szpital_nr2_myslowice@wp.pl
351,12,Śląski  OW NFZ,SZPITAL ŚW. JÓZEFA SP. Z O. O.,MIKOŁÓW,STEFANA OKRZEI 27,(032)226 59 75,szpswjozef@katowice.opoka.org.pl
352,12,Śląski  OW NFZ,"""EMC SILESIA"" SPÓŁKA Z OGRANICZONĄ ODPOWIEDZIALNOŚCIĄ",KATOWICE,MORAWA 31,(032)256 81 49,katowice@emc-sa.pl
353,12,Śląski  OW NFZ,SZPITAL ZAKONU BONIFRATRÓW W KATOWICACH SPÓŁKA Z OGRANICZONĄ ODPOWIEDZIALNOŚCIĄ,KATOWICE,LEOPOLDA MARKIEFKI 87,(032)357 62 08,szpital@bonifratrzy.katowice.pl
354,12,Śląski  OW NFZ,MYSŁOWICKIE CENTRUM ZDROWIA SPÓŁKA Z OGRANICZONĄ ODPOWIEDZIALNOŚCIĄ,MYSŁOWICE,MIKOŁOWSKA 1,(032)317 44 00,sekretariat@mcz.myslowice.pl
355,12,Śląski  OW NFZ,CENTRUM ZDROWIA W MIKOŁOWIE SP. Z O.O.,MIKOŁÓW,LUDWIKA WARYŃSKIEGO 2,(032)325 76 35,kancelaria@szpital-mikolow.com.pl
356,12,Śląski  OW NFZ,SZPITAL MIEJSKI W RUDZIE ŚLĄSKIEJ SPÓŁKA Z OGRANICZONĄ ODPOWIEDZIALNOŚCIĄ,RUDA ŚLĄSKA,WINCENTEGO LIPA 2,(032)344 07 23,sekretariat@szpitalruda.pl
357,12,Śląski  OW NFZ,PIEKARSKIE CENTRUM MEDYCZNE SPÓŁKA Z OGRANICZONĄ ODPOWIEDZIALNOŚCIĄ,PIEKARY ŚLĄSKIE,SZPITALNA 11,,prezes@szpital.piekary.pl
358,12,Śląski  OW NFZ,SZPITAL MIEJSKI W TYCHACH,TYCHY,CICHA 27,(032)780 87 00,sekretariat@szpitalmiejskitychy.pl
359,12,Śląski  OW NFZ,MEGREZ SPÓŁKA Z OGRANICZONĄ ODPOWIEDZIALNOŚCIĄ,TYCHY,EDUKACJI 102,,sekretariat@szpitalmegrez.pl
360,12,Śląski  OW NFZ,SZPITAL WOJEWÓDZKI W BIELSKU-BIAŁEJ,BIELSKO-BIAŁA,ALEJA ARMII KRAJOWEJ 101,+48 338 102 000,sekretariat@hospital.com.pl
361,12,Śląski  OW NFZ,"ŚLĄSKIE CENTRUM REUMATOLOGII, REHABILITACJI I ZAPOBIEGANIA NIEPEŁNOSPRAWNOŚCI IM. GEN. JERZEGO ZIĘTKA W USTRONIU SP. Z O.O.",USTROŃ,SZPITALNA 11,+48 33 854 26 40,rozliczenia@reumatologiczny.pl
362,12,Śląski  OW NFZ,SAMODZIELNY PUBLICZNY ZAKŁAD OPIEKI ZDROWOTNEJ SZPITAL KOLEJOWY W WILKOWICACH-BYSTREJ,WILKOWICE,ŻYWIECKA 19,,biuro@szpital-kolejowy.com
363,12,Śląski  OW NFZ,ZESPÓŁ ZAKŁADÓW OPIEKI ZDROWOTNEJ W CIESZYNIE,CIESZYN,BIELSKA 4,(033)852 49 33,sekretariat@szpitalslaski.pl
364,12,Śląski  OW NFZ,AMERICAN HEART OF POLAND SPÓŁKA AKCYJNA,USTROŃ,SANATORYJNA 1,(033)854 58 59,sekretariat@klinikiserca.pl
365,12,Śląski  OW NFZ,ICZ HEALTHCARE SPÓŁKA Z OGRANICZONĄ ODPOWIEDZIALNOŚCIĄ,ŻYWIEC,SIENKIEWICZA 52,+48 33 440 14 01,biuro@szpitalzywiec.pl
366,12,Śląski  OW NFZ,WOJEWÓDZKI SZPITAL SPECJALISTYCZNY IM. N.M.P.,CZĘSTOCHOWA,BIALSKA 104/118,(034)367 30 00,organizacja@data.pl
367,12,Śląski  OW NFZ,SAMODZIELNY PUBLICZNY ZESPÓŁ OPIEKI ZDROWOTNEJ W MYSZKOWIE,MYSZKÓW,ALEJA WOLNOŚCI 29,(034)313 88 80,sekretariat@zozmyszkow.pl
368,12,Śląski  OW NFZ,SAMODZIELNY PUBLICZNY ZESPÓŁ OPIEKI ZDROWOTNEJ W LUBLIŃCU,LUBLINIEC,SOBIESKIEGO 9,(034)350 63 80,sekretariat@spzozlubliniec.pl
369,12,Śląski  OW NFZ,ZESPÓŁ OPIEKI ZDROWOTNEJ W KŁOBUCKU,KŁOBUCK,11 LISTOPADA 5C,,zozklobuck@zozklobuck.com.pl
370,12,Śląski  OW NFZ,MIEJSKI SZPITAL ZESPOLONY,CZĘSTOCHOWA,MIROWSKA 15,,sekretariat@zsm.czest.pl
371,12,Śląski  OW NFZ,SCANMED SPÓŁKA AKCYJNA,WARSZAWA,STEFANA OKRZEI 1A,+48 32 230 22 45,sekretariat.zarzadu@scanmed.pl
372,12,Śląski  OW NFZ,POWIATOWY PUBLICZNY ZAKŁAD OPIEKI ZDROWOTNEJ W RYDUŁTOWACH I WODZISŁAWIU ŚLĄSKIM Z SIEDZIBĄ W WODZISŁAWIU ŚLĄSKIM,WODZISŁAW ŚLĄSKI,26 MARCA 51,(032)459 18 00,kancelaria@zoz.wodzislaw.pl
373,12,Śląski  OW NFZ,SAMODZIELNY PUBLICZNY ZAKŁAD OPIEKI ZDROWOTNEJ WOJEWÓDZKI SZPITAL SPECJALISTYCZNY NR 3 W RYBNIKU,RYBNIK,ENERGETYKÓW 46,+48 32 429 10 00,szpital@szpital.rybnik.pl
374,12,Śląski  OW NFZ,WOJEWÓDZKI SZPITAL SPECJALISTYCZNY NR 2 W JASTRZĘBIU ZDROJU,JASTRZĘBIE-ZDRÓJ,ALEJA JANA PAWŁA II 7,(032)478 42 00,szpital@wss2.pl
375,12,Śląski  OW NFZ,SZPITAL REJONOWY IM. DR. JÓZEFA ROSTKA W RACIBORZU,RACIBÓRZ,GAMOWSKA 3,+48 32 755 50 00,sekretariat@szpital-raciborz.org
376,12,Śląski  OW NFZ,MIEJSKIE ZAKŁADY OPIEKI ZDROWOTNEJ W ŻORACH SPÓŁKA Z OGRANICZONĄ ODPOWIEDZIALNOŚCIĄ,ŻORY,DĄBROWSKIEGO 20,(032)434 12 36,zarzad@mzoz.zory.pl
377,12,Śląski  OW NFZ,SZPITAL WIELOSPECJALISTYCZNY W JAWORZNIE,JAWORZNO,JÓZEFA CHEŁMOŃSKIEGO 28,(032)616 44 82,sekretariat@szpital.jaworzno.pl
378,12,Śląski  OW NFZ,WOJEWÓDZKI SZPITAL SPECJALISTYCZNY NR 5 IM. ŚW. BARBARY W SOSNOWCU,SOSNOWIEC,MEDYKÓW 1,(032)368 20 32,sekretariat@wss5.pl
379,12,Śląski  OW NFZ,SZPITAL POWIATOWY W ZAWIERCIU,ZAWIERCIE,MIODOWA 14,(032)672 15 32,szpital@szpitalzawiercie.pl
380,12,Śląski  OW NFZ,ZAGŁĘBIOWSKIE CENTRUM ONKOLOGII SZPITAL SPECJALISTYCZNY IM. SZ. STARKIEWICZA W DĄBROWIE GÓRNICZEJ,DĄBROWA GÓRNICZA,SZPITALNA 13,(032)262 32 75,szpital@zco-dg.pl
381,12,Śląski  OW NFZ,POWIATOWY ZESPÓŁ ZAKŁADÓW OPIEKI ZDROWOTNEJ,CZELADŹ,SZPITALNA 40,(032)267 30 11,sekretariat.czeladz@pzzoz.bedzin.pl
382,12,Śląski  OW NFZ,SOSNOWIECKI SZPITAL MIEJSKI SPÓŁKA Z OGRANICZONĄ ODPOWIEDZIALNOŚCIĄ,SOSNOWIEC,SZPITALNA 1,(032)413 01 11,sekretariat@szpital.sosnowiec.pl
383,12,Śląski  OW NFZ,SAMODZIELNY PUBLICZNY SZPITAL KLINICZNY NR 1 IM PROF. STANISŁAWA SZYSZKO SUM W KATOWICACH,ZABRZE,3 MAJA 13-15,+48 32 370 43 07,sekretariat@szpital.zabrze.pl
384,12,Śląski  OW NFZ,SZPITAL SPECJALISTYCZNY W ZABRZU SPÓŁKA Z OGRANICZONĄ ODPOWIEDZIALNOŚCIĄ,ZABRZE,MARII CURIE-SKŁODOWSKIEJ 10,(032)373 23 12,klinika@klinika-zabrze.med.pl
385,12,Śląski  OW NFZ,SZPITAL W PYSKOWICACH SPÓŁKA Z OGRANICZONĄ ODPOWIEDZIALNOŚCIĄ,PYSKOWICE,SZPITALNA 2,(032)233 24 24,szpital_pyskowice@powiatgliwicki.pl
386,12,Śląski  OW NFZ,ŚLĄSKIE CENTRUM CHORÓB SERCA W ZABRZU,ZABRZE,MARII CURIE-SKŁODOWSKIEJ 9,(032)373 37 00,sekretariat.ekonomiczny@sccs.pl
387,12,Śląski  OW NFZ,SZPITAL MIEJSKI NR 4 W GLIWICACH SPÓŁKA Z OGRANICZONĄ ODPOWIEDZIALNOŚCIĄ,GLIWICE,ZYGMUNTA STAREGO 20,,sekretariat@szpital4.gliwice.pl
388,12,Śląski  OW NFZ,SZPITAL WIELOSPECJALISTYCZNY W GLIWICACH,GLIWICE,TADEUSZA KOŚCIUSZKI 1,(032)238 20 91,sekretariat@szwg.pl
389,12,Śląski  OW NFZ,SZPITAL MIEJSKI W ZABRZU SPÓŁKA Z OGRANICZONĄ ODPOWIEDZIALNOŚCIĄ,ZABRZE,ZAMKOWA 4,(032)277 61 00,sekretariat@szpitalzabrze.pl
390,12,Śląski  OW NFZ,SZPITAL W KNUROWIE SPÓŁKA Z OGRANICZONĄ ODPOWIEDZIALNOŚCIĄ,KNURÓW,NIEPODLEGŁOŚCI 8,(032)331 93 34,sekretariat@szpitalknurow.pl
391,12,Śląski  OW NFZ,WIELOSPECJALISTYCZNY SZPITAL POWIATOWY SPÓŁKA AKCYJNA,TARNOWSKIE GÓRY,PYSKOWICKA 47-51,(032)390 82 04,szpital@wspsa.pl
392,12,Śląski  OW NFZ,ZAKON POSŁUGUJĄCYCH CHORYM OJCOWIE KAMILIANIE,TARNOWSKIE GÓRY,BYTOMSKA 22,+48 693 102 789,finanse@kamilianie.eu
393,13,Świętokrzyski  OW NFZ,SZPITAL POWIATOWY W CHMIELNIKU,CHMIELNIK,KIELECKA1-3,(041) 354-20-17,biuro@szpital-chmielnik.pl
394,13,Świętokrzyski  OW NFZ,ZESPÓŁ OPIEKI ZDROWOTNEJ W SKARŻYSKU KAMIENNEJ SZPITAL POWIATOWY IM. MARII SKŁODOWSKIEJ-CURIE,SKARŻYSKO-KAMIENNA,SZPITALNA 1,(41) 395 62 00; 516 209 201,zoz@zoz.com.pl
395,13,Świętokrzyski  OW NFZ,SAMODZIELNY PUBLICZNY ZESPÓŁ OPIEKI ZDROWOTNEJ W KAZIMIERZY WIELKIEJ,KAZIMIERZA WIELKA,PARTYZANTÓW 12,(0-41) 3521442,Dyrektor@spzozkw.pl
396,13,Świętokrzyski  OW NFZ,ZESPÓŁ OPIEKI ZDROWOTNEJ WE WŁOSZCZOWIE - SZPITAL POWIATOWY IM. JANA PAWŁA II,WŁOSZCZOWA,ŻEROMSKIEGO 28,41 3883740,sekretariat@zozwloszczowa.pl
397,13,Świętokrzyski  OW NFZ,ZESPÓŁ OPIEKI ZDROWOTNEJ W BUSKU-ZDROJU,BUSKO-ZDRÓJ,BOHATERÓW WARSZAWY 67,41 378 27 68,sekretariat@zoz.busko.com.pl
398,13,Świętokrzyski  OW NFZ,POWIATOWY ZAKŁAD OPIEKI ZDROWOTNEJ,STARACHOWICE,RADOMSKA 70,041 274-61-58,info@szpital.starachowice.pl
399,13,Świętokrzyski  OW NFZ,ZESPÓŁ OPIEKI ZDROWOTNEJ W KOŃSKICH,KOŃSKIE,GIMNAZJALNA 41B,041-390-23-50,zpital@zoz.konskie.pl
400,13,Świętokrzyski  OW NFZ,ŚWIĘTOKRZYSKIE CENTRUM MATKI I NOWORODKA - SZPITAL SPECJALISTYCZNY W KIELCACH,KIELCE,PROSTA 30,41 2013 800,szpital@szpgin.kielce.pl
401,13,Świętokrzyski  OW NFZ,SAMODZIELNY PUBLICZNY ZESPÓŁ ZAKŁADÓW OPIEKI ZDROWOTNEJ W STASZOWIE,STASZÓW,11-GO LISTOPADA 78,015 864-86-05,sekretariat@szpitalstaszow.pl
402,13,Świętokrzyski  OW NFZ,SZPITAL SPECJALISTYCZNY DUCHA ŚWIĘTEGO W SANDOMIERZU,SANDOMIERZ,SCHINZLA 13,015/8323575,szpital@sand.pl
403,13,Świętokrzyski  OW NFZ,ZESPÓŁ OPIEKI ZDROWOTNEJ W PIŃCZOWIE,PIŃCZÓW,ARMII KRAJOWEJ 22,41 357 30 31,sekretariat@szpitalpinczow.pl
404,13,Świętokrzyski  OW NFZ,ZESPÓŁ OPIEKI ZDROWOTNEJ W OSTROWCU ŚWIĘTOKRZYSKIM,OSTROWIEC ŚWIĘTOKRZYSKI,K. SZYMANOWSKIEGO 11,(41) 247 80 00,info@zoz.ostrowiec.pl
405,13,Świętokrzyski  OW NFZ,WOJEWÓDZKI SZPITAL ZESPOLONY W KIELCACH,KIELCE,GRUNWALDZKA 45,(041) 36-71-300,szpital@wszzkielce.pl
406,13,Świętokrzyski  OW NFZ,SAMODZIELNY PUBLICZNY ZAKŁAD OPIEKI ZDROWOTNEJ MINISTERSTWA SPRAW WEWNĘTRZNYCH I ADMINISTRACJI W KIELCACH,KIELCE,WOJSKA POLSKIEGO 51,(041) 260 42 00,zoz@zozmswiakielce.pl
407,13,Świętokrzyski  OW NFZ,"""UZDROWISKO BUSKO-ZDRÓJ"" SPÓŁKA AKCYJNA",BUSKO-ZDRÓJ,GEN. F. RZEWUSKIEGO 1,41 370 32 25,dyrekcja@ubz.pl
408,13,Świętokrzyski  OW NFZ,SZPITAL KIELECKI ŚW. ALEKSANDRA SPÓŁKA Z OGRANICZONĄ ODPOWIEDZIALNOŚCIĄ,KIELCE,KOŚCIUSZKI 25,/41/ 34-17-800,kancelaria@szpitalkielecki.pl
409,13,Świętokrzyski  OW NFZ,SZPITAL ŚW. LEONA SP. Z O.O.,OPATÓW,SZPITALNA 4,(15) 867 04 00,sekretariat@szpitalopatow.pl
410,13,Świętokrzyski  OW NFZ,SZPITAL SPECJALISTYCZNY ARTMEDIK SPÓŁKA Z OGRANICZONĄ ODPOWIEDZIALNOŚCIĄ,JĘDRZEJÓW,MAŁOGOSKA 25,413861154,sekretariat@szpital-jedrzejow.pl
411,14,Warmińsko-Mazurski  OW NFZ,SZPITAL MIEJSKI ŚW. JANA PAWŁA II W ELBLĄGU,ELBLĄG,JANA AMOSA KOMEŃSKIEGO 35,552394402,sekretariat.ess@elblag.com.pl
412,14,Warmińsko-Mazurski  OW NFZ,GOLDMEDICA SPÓŁKA Z OGRANICZONĄ ODPOWIEDZIALNOŚCIĄ,GOŁDAP,SŁONECZNA 7,087- 615-13-76,sekretariat@goldmedica.pl
413,14,Warmińsko-Mazurski  OW NFZ,ZESPÓŁ OPIEKI ZDROWOTNEJ W SZCZYTNIE,SZCZYTNO,SKŁODOWSKIEJ 12,0896232100,dyrektor@szpital.szczytno.pl
414,14,Warmińsko-Mazurski  OW NFZ,ZESPÓŁ OPIEKI ZDROWOTNEJ W NIDZICY,NIDZICA,MICKIEWICZA 23,89 625 05 00,szpital@zoz.nidzica.pl
415,14,Warmińsko-Mazurski  OW NFZ,SAMODZIELNY PUBLICZNY ZAKŁAD OPIEKI ZDROWOTNEJ SZPITAL POWIATOWY W PISZU,PISZ,SIENKIEWICZA 2,(087) 425 45 00,sekretariat@szpitalpisz.pl
416,14,Warmińsko-Mazurski  OW NFZ,ZESPÓŁ OPIEKI  ZDROWOTNEJ W LIDZBARKU WARMIŃSKIM,LIDZBARK WARMIŃSKI,KARD. STEFANA WYSZYŃSKIEGO 37,(089) 767 22 71,sekretariat@zozlw.pl
417,14,Warmińsko-Mazurski  OW NFZ,WOJEWÓDZKI SZPITAL ZESPOLONY W ELBLĄGU,ELBLĄG,KRÓLEWIECKA 146,"(055) 234-41-11, 234-56-12",sekretariat@szpital.elblag.pl
418,14,Warmińsko-Mazurski  OW NFZ,ZESPÓŁ ZAKŁADÓW OPIEKI ZDROWOTNEJ W DOBRYM MIEŚCIE,DOBRE MIASTO,GRUNWALDZKA 10B,089 616 82 28,sekretariat@szpitaldobremiasto.pl
419,14,Warmińsko-Mazurski  OW NFZ,MIEJSKI SZPITAL ZESPOLONY W OLSZTYNIE,OLSZTYN,NIEPODLEGŁOŚCI 44,0-89 532-62-63,sekretariat@szpital.olsztyn.pl
420,14,Warmińsko-Mazurski  OW NFZ,WOJEWÓDZKI SZPITAL SPECJALISTYCZNY  W OLSZTYNIE,OLSZTYN,ŻOŁNIERSKA 18,89 5386356,szpital@wss.olsztyn.pl
421,14,Warmińsko-Mazurski  OW NFZ,SAMODZIELNY PUBLICZNY ZAKŁAD OPIEKI ZDROWOTNEJ W DZIAŁDOWIE,DZIAŁDOWO,LEŚNA 1,023 697-22-11,sekretariat@spzoz-dzialdowo.pl
422,14,Warmińsko-Mazurski  OW NFZ,SZPITAL POWIATOWY IM. JANA MIKULICZA W BISKUPCU,BISKUPIEC,ARMII KRAJOWEJ 8,89-7156207,info@szpital-biskupiec.pl
423,14,Warmińsko-Mazurski  OW NFZ,POWIATOWY SZPITAL IM.WŁADYSŁAWA BIEGAŃSKIEGO W IŁAWIE,IŁAWA,GEN.WŁ.ANDERSA 3,89 644 96 00,kancelaria@szpital.ilawa.pl
424,14,Warmińsko-Mazurski  OW NFZ,SZPITAL POWIATOWY W KĘTRZYNIE,KĘTRZYN,M. C. SKŁODOWSKIEJ 2,664358094,sekretariat@szpital-ketrzyn.pl
425,14,Warmińsko-Mazurski  OW NFZ,UNIWERSYTECKI SZPITAL KLINICZNY W OLSZTYNIE,OLSZTYN,WARSZAWSKA 30,089 524 53 54,kancelaria@szpital.uwm.edu.pl
426,14,Warmińsko-Mazurski  OW NFZ,SAMODZIELNY PUBLICZNY ZAKŁAD OPIEKI ZDROWOTNEJ MINISTERSTWA SPRAW WEWNĘTRZNYCH I ADMINISTRACJI  Z WARMIŃSKO-MAZURSKIM CENTRUM ONKOLOGII W OLSZTYNIE,OLSZTYN,WOJSKA POLSKIEGO 37,0-89 539-82-40,sekretariat@poliklinika.net
427,14,Warmińsko-Mazurski  OW NFZ,SZPITAL MRĄGOWSKI IM. MICHAŁA KAJKI SPÓŁKA Z OGRANICZONĄ ODPOWIEDZIALNOŚCIĄ,MRĄGOWO,WOLNOŚCI 12,089 741 94 00,sekretariat@szpital-mragowo.pl
428,14,Warmińsko-Mazurski  OW NFZ,"""PRO-MEDICA"" W EŁKU SPÓŁKA Z OGRANICZONĄ ODPOWIEDZIALNOŚCIĄ",EŁK,BARANKI 24,87 620-95-71,sekretariat@promedica.elk.pl
429,14,Warmińsko-Mazurski  OW NFZ,SZPITAL  W OSTRÓDZIE SPÓŁKA AKCYJNA,OSTRÓDA,JAGIEŁŁY 1,089 646-0640,sekretariat@szpital-ostroda.pl
430,14,Warmińsko-Mazurski  OW NFZ,MAZURSKIE CENTRUM ZDROWIA SZPITAL POWIATOWY W WĘGORZEWIE PUBLICZNY ZAKŁAD OPIEKI ZDROWOTNEJ,WĘGORZEWO,3 MAJA 17,87-427-32-52,sekretariat@szpitalwegorzewo.pl
431,14,Warmińsko-Mazurski  OW NFZ,SZPITAL POWIATOWY IM. JANA PAWŁA II W BARTOSZYCACH,BARTOSZYCE,KARDYNAŁA WYSZYŃSKIEGO 11,89 675 23 50,sekretariat@szpital-bartoszyce.pl
432,14,Warmińsko-Mazurski  OW NFZ,"""OLMEDICA W OLECKU - SPÓŁKA Z OGRANICZONĄ ODPOWIEDZIALNOŚCIĄ""",OLECKO,GOŁDAPSKA 1,087-520 22 95-96,olmedica@olmedica.pl
433,14,Warmińsko-Mazurski  OW NFZ,SZPITAL POWIATOWY W NOWYM MIEŚCIE LUBAWSKIM SPÓŁKA Z OGRANICZONĄ ODPOWIEDZIALNOŚCIĄ,NOWE MIASTO LUBAWSKIE,MICKIEWICZA 10,56 4742357,sekretariat@szpitalnml.pl
434,14,Warmińsko-Mazurski  OW NFZ,"""SZPITAL POWIATOWY SPÓŁKA Z OGRANICZONĄ ODPOWIEDZIALNOŚCIĄ W PASŁĘKU""",PASŁĘK,KOPERNIKA 24A,552491590,sekretariat@szpitalpaslek.com
435,14,Warmińsko-Mazurski  OW NFZ,POWIATOWE CENTRUM MEDYCZNE SPÓŁKA Z OGRANICZONĄ ODPOWIEDZIALNOŚCIĄ W BRANIEWIE,BRANIEWO,MONIUSZKI 13,55 620 84 70,sekretariat@szpital-braniewo.home.pl
436,14,Warmińsko-Mazurski  OW NFZ,1 WOJSKOWY SZPITAL KLINICZNY Z POLIKLINIKĄ SPZOZ W LUBLINIE,EŁK,TADEUSZA KOŚCIUSZKI 30,261183200,sekretariat@1wszk.elk.pl
437,14,Warmińsko-Mazurski  OW NFZ,GIŻYCKA OCHRONA ZDROWIA SPÓŁKA Z OGRANICZONĄ ODPOWIEDZIALNOŚCIĄ,GIŻYCKO,WARSZAWSKA 41,87-429-66-01,sekretariat@zozgiz.pl
438,14,Warmińsko-Mazurski  OW NFZ,WOJEWÓDZKI SZPITAL REHABILITACYJNY DLA DZIECI W AMERYCE,AMERYKA,AMERYKA 21,0895194811,szpital@ameryka.com.pl
439,14,Warmińsko-Mazurski  OW NFZ,WOJEWÓDZKI SPECJALISTYCZNY SZPITAL DZIECIĘCY IM. PROF. DR STANISŁAWA POPOWSKIEGO W OLSZTYNIE,OLSZTYN,ŻOŁNIERSKA 18A,089 53 93 455,sekretariat@wssd.olsztyn.pl
440,15,Wielkopolski  OW NFZ,GINEKOLOGICZNO-POŁOŻNICZY SZPITAL KLINICZNY UNIWERSYTETU MEDYCZNEGO IM. KAROLA MARCINKOWSKIEGO W POZNANIU,POZNAŃ-JEŻYCE,POLNA 33,(061)84-19-273,office@mail.gpsk.am.poznan.pl                                   
441,15,Wielkopolski  OW NFZ,ZESPÓŁ ZAKŁADÓW OPIEKI ZDROWOTNEJ W CZARNKOWIE,CZARNKÓW,KOŚCIUSZKI 96,(067)35-28-170,sekretariat@zzozczarnkow.x.pl                                   
442,15,Wielkopolski  OW NFZ,SZPITAL POWIATOWY IM. JANA PAWŁA II W TRZCIANCE,TRZCIANKA,GEN. WŁADYSŁAWA SIKORSKIEGO 9,67 35-23-100,kancelaria@szpital-trzcianka.pl                                 
443,15,Wielkopolski  OW NFZ,SAMODZIELNY PUBLICZNY ZAKŁAD OPIEKI ZDROWOTNEJ W OBORNIKACH,OBORNIKI,SZPITALNA 2,(061)29-73-600,szpital@szpital.oborniki.info
444,15,Wielkopolski  OW NFZ,SAMODZIELNY PUBLICZNY ZESPÓŁ OPIEKI ZDROWOTNEJ,TUREK,PODUCHOWNE 1,063-280-56-00,sekretariat@szpital.turek.pl                                    
445,15,Wielkopolski  OW NFZ,SZPITAL POWIATOWY IM. ALFREDA SOKOŁOWSKIEGO W ZŁOTOWIE,ZŁOTÓW,SZPITALNA 28,(67)26-32-233,szpzlot@pi.onet.pl
446,15,Wielkopolski  OW NFZ,SAMODZIELNY PUBLICZNY ZAKŁAD OPIEKI ZDROWOTNEJ W SŁUPCY,SŁUPCA,TRAUGUTTA 7,063 275 23 00,biuro@szpital.slupca.pl                                         
447,15,Wielkopolski  OW NFZ,SAMODZIELNY PUBLICZNY ZAKŁAD OPIEKI ZDROWOTNEJ,GRODZISK WIELKOPOLSKI,MOSSEGO 17,(061)44-45-523,szpital@spzoz-grodzisk.pl
448,15,Wielkopolski  OW NFZ,SAMODZIELNY PUBLICZNY ZAKŁAD OPIEKI ZDROWOTNEJ IMIENIA DOKTORA KAZIMIERZA HOŁOGI,NOWY TOMYŚL,POZNAŃSKA 30,0614427300,spzoz18@post.pl                                                 
449,15,Wielkopolski  OW NFZ,OSTRZESZOWSKIE CENTRUM ZDROWIA SPÓŁKA Z OGRANICZONĄ ODPOWIEDZIALNOŚCIĄ,OSTRZESZÓW,ALEJA WOLNOŚCI 4,(0 62) 50 32 236,sekretariat@szpital.ostrzeszow.pl                               
450,15,Wielkopolski  OW NFZ,SZPITAL POMNIK CHRZTU POLSKI,GNIEZNO,ŚW.JANA 9,61 4264461; 61 2228300,poczta@zoz.gniezno.pl                                           
451,15,Wielkopolski  OW NFZ,WIELOSPECJALISTYCZNY SZPITAL MIEJSKI IM.JÓZEFA STRUSIA Z ZAKŁADEM OPIEKUŃCZO-LECZNICZYM. SAMODZIELNY PUBLICZNY ZAKŁAD OPIEKI ZDROWOTNEJ Z SIEDZIBĄ W POZNANIU PRZY UL. SZWAJCARSKIEJ 3,POZNAŃ-NOWE MIASTO,SZWAJCARSKA 3,061 8739 000,dyrekcja@szpital-strusia.poznan.pl                              
452,15,Wielkopolski  OW NFZ,ZESPÓŁ ZAKŁADÓW OPIEKI ZDROWOTNEJ OSTRÓW WIELKOPOLSKI,OSTRÓW WIELKOPOLSKI,LIMANOWSKIEGO 20/22,(0-62) 595-11-11,szpital@szpital.osw.pl                                          
453,15,Wielkopolski  OW NFZ,SZPITAL SPECJALISTYCZNY W PILE IM. STANISŁAWA STASZICA,PIŁA,RYDYGIERA 1,067 2106204,wszpila@pi.onet.pl                                              
454,15,Wielkopolski  OW NFZ,WOJEWÓDZKI SZPITAL ZESPOLONY IM. DR ROMANA OSTRZYCKIEGO W KONINIE,KONIN,SZPITALNA 45,63 24-04-000,szpital@szpital-konin.pl
455,15,Wielkopolski  OW NFZ,WIELKOPOLSKI OŚRODEK REUMATOLOGICZNY SAMODZIELNY PUBLICZNY SPECJALISTYCZNY ZESPÓŁ OPIEKI ZDROWOTNEJ W ŚREMIE,ŚREM,MICKIEWICZA 95,"(61)28-36-273, (61)28-36-289",por@reumatologia.srem.net
456,15,Wielkopolski  OW NFZ,SZPITAL WOJEWÓDZKI W POZNANIU,POZNAŃ-JEŻYCE,JURASZÓW 7-19,61 82-12-200,szpital@lutycka.pl                                              
457,15,Wielkopolski  OW NFZ,"WOJEWÓDZKI SZPITAL DLA NERWOWO I PSYCHICZNIE CHORYCH ""DZIEKANKA"" IM. ALEKSANDRA PIOTROWSKIEGO W GNIEŹNIE",GNIEZNO,POZNAŃSKA 15,(61) 423-85-00,sekretariat@dziekanka.net
458,15,Wielkopolski  OW NFZ,ORTOPEDYCZNO-REHABILITACYJNY SZPITAL KLINICZNY IM. WIKTORA DEGI UNIWERSYTETU MEDYCZNEGO IM.KAROLA MARCINKOWSKIEGO,POZNAŃ-WILDA,28 CZERWCA1956 R 135/147,(061)83-10-331,orsk@orsk.ump.edu.pl                                            
459,15,Wielkopolski  OW NFZ,SZPITAL KLINICZNY PRZEMIENIENIA PAŃSKIEGO UNIWERSYTETU MEDYCZNEGO IM. KAROLA MARCINKOWSKIEGO W POZNANIU,POZNAŃ-STARE MIASTO,DŁUGA 1/2,(061)854-91-21,szpital@skpp.edu.pl
460,15,Wielkopolski  OW NFZ,SZPITAL MIEJSKI IM. FRANCISZKA RASZEI,POZNAŃ-JEŻYCE,MICKIEWICZA 2,061 848-10-11,sekretariat@raszeja.poznan.pl                                   
461,15,Wielkopolski  OW NFZ,SAMODZIELNY PUBLICZNY ZESPÓŁ OPIEKI ZDROWOTNEJ W GOSTYNIU,GOSTYŃ,PL.K. MARCINKOWSKIEGO 8/9,(0-65) 322-68-00,sekretariat@szpitalgostyn.pl
462,15,Wielkopolski  OW NFZ,SAMODZIELNY PUBLICZNY ZAKŁAD OPIEKI ZDROWOTNEJ W MIĘDZYCHODZIE,MIĘDZYCHÓD,SZPITALNA 10,95 748 20 11,spzozmiedzychod@spzoz-miedzychod.com.pl                         
463,15,Wielkopolski  OW NFZ,SAMODZIELNY PUBLICZNY ZESPÓŁ OPIEKI ZDROWOTNEJ W KOŚCIANIE,KOŚCIAN,SZPITALNA 7,655120855,sekretariat@szpital.koscian.pl
464,15,Wielkopolski  OW NFZ,CENTRUM MEDYCZNE HCP SP. Z O.O. NZOZ CENTRUM MEDYCZNE HCP LECZNICTWO STACJONARNE,POZNAŃ,28 CZERWCA 1956 NR 194,61 2274 104,k.rykala@cm.hcp.com.pl
465,15,Wielkopolski  OW NFZ,SAMODZIELNY PUBLICZNY ZAKŁAD OPIEKI ZDROWOTNEJ W KOLE,KOŁO,KS. JÓZEFA PONIATOWSKIEGO 25,(63) 2626140,sekretariat@spzozkolo.pl                                        
466,15,Wielkopolski  OW NFZ,SZPITAL KLINICZNY  IM. HELIODORA ŚWIĘCICKIEGO UNIWERSYTETU MEDYCZNEGO IM. KAROLA MARCINKOWSKIEGO W POZNANIU,POZNAŃ-GRUNWALD,PRZYBYSZEWSKIEGO 49,(061)86-91-100,szpital@spsk2.pl
467,15,Wielkopolski  OW NFZ,ZESPÓŁ OPIEKI ZDROWOTNEJ W WĄGROWCU,WĄGROWIEC,KOŚCIUSZKI 74,(67) 2681500,szpital@wagrowiec.pl                                            
468,15,Wielkopolski  OW NFZ,SZPITAL ŚREDZKI SERCA JEZUSOWEGO SPÓŁKA Z OGRANICZONĄ ODPOWIEDZIALNOŚCIĄ,ŚRODA WIELKOPOLSKA,ŻWIRKI I WIGURY 10,(061)28-54-031,kontakt@szpitalsredzki.pl                                       
469,15,Wielkopolski  OW NFZ,SAMODZIELNY PUBLICZNY ZAKŁAD OPIEKI ZDROWOTNEJ W WOLSZTYNIE,WOLSZTYN,WSCHOWSKA 3,(068)34-77-300,sekretariat@spzozwolsztyn.pl                                    
470,15,Wielkopolski  OW NFZ,SZPITAL POWIATOWY IM PROF ROMANA DREWSA,CHODZIEŻ,ŻEROMSKIEGO 29,67 282 05 70,szpitalpowiatowy@chodziez.pl
471,15,Wielkopolski  OW NFZ,WOJEWÓDZKI SZPITAL ZESPOLONY W LESZNIE,LESZNO,KIEPURY 45,65 52 53 100,wsz@wsz.leszno.pl                                               
472,15,Wielkopolski  OW NFZ,SAMODZIELNY PUBLICZNY ZAKŁAD OPIEKI ZDROWOTNEJ W KĘPNIE,KĘPNO,SZPITALNA 7,062/ 78 27 300,szpital@szpital.kepno.pl                                        
473,15,Wielkopolski  OW NFZ,SAMODZIELNY PUBLICZNY ZAKŁAD OPIEKI ZDROWOTNEJ MINISTERSTWA SPRAW WEWNĘTRZNYCH I ADMINISTRACJI W POZNANIU IM. PROF.LUDWIKA BIERKOWSKIEGO,POZNAŃ-JEŻYCE,DOJAZD 34,061 8464500,sekretariat@szpitalmswia.poznan.pl                              
474,15,Wielkopolski  OW NFZ,SAMODZIELNY PUBLICZNY ZAKŁAD OPIEKI ZDROWOTNEJ W KROTOSZYNIE,KROTOSZYN,MŁYŃSKA 2,(062)58-80-390,spzoz@krotoszyn.pl
475,15,Wielkopolski  OW NFZ,SAMODZIELNY PUBLICZNY ZAKŁAD OPIEKI ZDROWOTNEJ,SZAMOTUŁY,SUKIENNICZA 13,(061) 29-27-101,szpital@spzoz-grodzisk.pl
476,15,Wielkopolski  OW NFZ,SZPITAL W PUSZCZYKOWIE IM. PROF. S.T. DĄBROWSKIEGO SPÓŁKA AKCYJNA,PUSZCZYKOWO,KRASZEWSKIEGO 11,507018440,zarzad@szpitalwpuszczykowie.com.pl
477,15,Wielkopolski  OW NFZ,WOJEWÓDZKI SZPITAL ZESPOLONY IM. LUDWIKA PERZYNY W KALISZU,KALISZ,POZNAŃSKA 79,(062) 765-13-56,sekretariat@szpital.kalisz.pl                                   
478,15,Wielkopolski  OW NFZ,"""SZPITAL POWIATOWY WE WRZEŚNI"" SPÓŁKA Z OGRANICZONĄ ODPOWIEDZIALNOŚCIĄ",WRZEŚNIA,SŁOWACKIEGO 2,(61)4370603,dim@szpitalwrzesnia.home.pl                                     
479,15,Wielkopolski  OW NFZ,"""PLESZEWSKIE CENTRUM MEDYCZNE W PLESZEWIE"" SP. Z O.O.",PLESZEW,POZNAŃSKA 125A,062-74-20-900,zozpleszew@send.pl                                              
480,15,Wielkopolski  OW NFZ,SZPITAL POWIATOWY W RAWICZU SPÓŁKA Z OGRANICZONĄ ODPOWIEDZIALNOŚCIĄ,RAWICZ,GEN. GROTA ROWECKIEGO 6,065-546-24-13,sekretariat@szpitalrawicz.pl
481,15,Wielkopolski  OW NFZ,SZPITAL POWIATOWY W WYRZYSKU SPÓŁKA Z O.O.,WYRZYSK,22 STYCZNIA 41,067 286-26-22,szpitalwyrzysk@wp.pl                                            
482,15,Wielkopolski  OW NFZ,SZPITAL POWIATOWY W JAROCINIE,JAROCIN,SZPITALNA 1,623322183,sekretariat@szpitaljarocin.pl                                   
483,15,Wielkopolski  OW NFZ,SZPITAL POWIATOWY IM. TADEUSZA MALIŃSKIEGO W ŚREMIE SPÓŁKA Z OGRANICZONĄ ODPOWIEDZIALNOŚCIĄ,ŚREM,CHEŁMOŃSKIEGO 1,61 2815443,sekretariat@szpital-srem.pl                                     
484,16,Zachodniopomorski  OW NFZ,SAMODZIELNY PUBLICZNY ZAKŁAD OPIEKI ZDROWOTNEJ W CHOSZCZNIE,CHOSZCZNO,M. NIEDZIAŁKOWSKIEGO 4A,95 765-72-11,sekretariat@spzozchoszczno.pl
485,16,Zachodniopomorski  OW NFZ,SAMODZIELNY PUBLICZNY WIELOSPECJALISTYCZNY ZAKŁAD OPIEKI ZDROWOTNEJ W STARGARDZIE,STARGARD,WOJSKA POLSKIEGO 27,091 578-92-03,biuro@zozstargard.pl
486,16,Zachodniopomorski  OW NFZ,SAMODZIELNY PUBLICZNY ZESPÓŁ ZAKŁADÓW OPIEKI ZDROWOTNEJ W GRYFICACH,GRYFICE,NIECHORSKA 27,(91) 3842061,szpital@medicam.pl
487,16,Zachodniopomorski  OW NFZ,SZPITAL W DĘBNIE IM. ŚWIĘTEJ MATKI TERESY Z KALKUTY SPÓŁKA Z OGRANICZONĄ ODPOWIEDZIALNOŚCIĄ,DĘBNO,KOŚCIUSZKI 58,0 95 760 27 33 95 760 21 77 95 760 21 68,sekretariat@szpital-debno.pl
488,16,Zachodniopomorski  OW NFZ,SZPITALNE CENTRUM MEDYCZNE W GOLENIOWIE SPÓŁKA Z OGRANICZONĄ ODPOWIEDZIALNOŚCIĄ,GOLENIÓW,NOWOGARDZKA 2,091-466-43-01,sekretariat@szpitalgoleniow.pl
489,16,Zachodniopomorski  OW NFZ,SZPITAL BARLINEK SPÓŁKA Z OGRANICZONĄ ODPOWIEDZIALNOŚCIĄ,BARLINEK,SZPITALNA 10,095/7462502,sekretariat@szpitalbarlinek.pl
490,16,Zachodniopomorski  OW NFZ,REGIONALNY SZPITAL W KOŁOBRZEGU,KOŁOBRZEG,ŁOPUSKIEGO 31-33,0943530201,kancelaria@szpital.kolobrzeg.pl
491,16,Zachodniopomorski  OW NFZ,SZPITAL MIEJSKI IM. JANA GARDUŁY W ŚWINOUJŚCIU SPÓŁKA Z OGRANICZONĄ ODPOWIEDZIALNOŚCIĄ,ŚWINOUJŚCIE,MIESZKA I 7,091 3267-345,sekretariat@szpital-swinoujscie.pl
492,16,Zachodniopomorski  OW NFZ,SAMODZIELNY PUBLICZNY WOJEWÓDZKI SZPITAL ZESPOLONY W SZCZECINIE,SZCZECIN,ARKOŃSKA 4,91 813 90 45,spwsz@spwsz.szczecin.pl
493,16,Zachodniopomorski  OW NFZ,SAMODZIELNY PUBLICZNY SZPITAL KLINICZNY NR 2 PUM W SZCZECINIE,SZCZECIN,POWSTAŃCÓW WIELKOPOLSKICH 72,914661010,spsk2@spsk2-szczecin.pl
494,16,Zachodniopomorski  OW NFZ,107 SZPITAL WOJSKOWY Z PRZYCHODNIĄ SAMODZIELNY PUBLICZNY  ZAKŁAD OPIEKI ZDROWOTNEJ  W WAŁCZU,WAŁCZ,KOŁOBRZESKA 44,261 47 28 09,sekretariat@107sw.mil.pl
495,16,Zachodniopomorski  OW NFZ,109 SZPITAL WOJSKOWY Z PRZYCHODNIĄ SAMODZIELNY PUBLICZNY  ZAKŁAD OPIEKI ZDROWOTNEJ,SZCZECIN,KS.PIOTRA SKARGI 9-11,"091 810 58 00, ... 10",sekretariat@109szpital.pl
496,16,Zachodniopomorski  OW NFZ,SZPITAL WOJEWÓDZKI IM. MIKOŁAJA KOPERNIKA W KOSZALINIE,KOSZALIN,CHAŁUBIŃSKIEGO 7,94/34-88-400,szpital@swk.med.pl
497,16,Zachodniopomorski  OW NFZ,SAMODZIELNY PUBLICZNY SZPITAL KLINICZNY NR 1 IM. PROF.TADEUSZA SOKOŁOWSKIEGO POMORSKIEGO UNIWERSYTETU MEDYCZNEGO W SZCZECINIE,SZCZECIN,UNII LUBELSKIEJ 1,91 4253002,sekretariat@spsk1.szn.pl
498,16,Zachodniopomorski  OW NFZ,REGIONALNE CENTRUM MEDYCZNE W BIAŁOGARDZIE SPÓŁKA Z OGRANICZONĄ ODPOWIEDZIALNOŚCIĄ,BIAŁOGARD,CHOPINA 29,533355855,sekretariat@rcm24.pl
499,16,Zachodniopomorski  OW NFZ,SAMODZIELNY PUBLICZNY ZAKŁAD OPIEKI ZDROWOTNEJ MINISTERSTWA SPRAW WEWNĘTRZNYCH I ADMINISTRACJI  W SZCZECINIE,SZCZECIN,JAGIELLOŃSKA 44,091 432 95 00,sekretariat@spzozmswia.szczecin.pl
500,16,Zachodniopomorski  OW NFZ,SAMODZIELNY PUBLICZNY  ZAKŁAD OPIEKI ZDROWOTNEJ MINISTERSTWA SPRAW WEWNĘTRZNYCH I ADMINISTRACJI W KOSZALINIE,KOSZALIN,SZPITALNA 2,094 347 16 70,sekretariat@poliklinika.koszalin.pl
501,16,Zachodniopomorski  OW NFZ,SAMODZIELNY PUBLICZNY SZPITAL REJONOWY W NOWOGARDZIE,NOWOGARD,WOJSKA POLSKIEGO 7,09139-21356,spsr_nowogard@wp.pl
502,16,Zachodniopomorski  OW NFZ,SZPITAL POWIATOWY W SŁAWNIE,SŁAWNO,I-GO PUŁKU UŁANÓW 9,59 810 63 21,szpital@szpital-slawno.pl
503,16,Zachodniopomorski  OW NFZ,SZPITAL POWIATOWY W PYRZYCACH,PYRZYCE,JANA PAWŁA II 2,915793095,sekretariat@szpital.pyrzyce.net.pl
504,16,Zachodniopomorski  OW NFZ,EMC INSTYTUT MEDYCZNY SPÓŁKA AKCYJNA,KAMIEŃ ,SZPITALNA 10,"91 326 26 90, 91 326 26 91,91 326 26 92",kamien-pomorski@emc-sa.pl
505,16,Zachodniopomorski  OW NFZ,"""SZPITAL POWIATOWY W GRYFINIE"" SPÓŁKA Z OGRANICZONĄ ODPOWIEDZIALNOŚCIĄ",GRYFINO,PARKOWA 5,91 416 21 09,sekretariat@szpital-gryfino.pl
506,16,Zachodniopomorski  OW NFZ,SZPITAL W SZCZECINKU SPÓŁKA Z OGRANICZONĄ ODPOWIEDZIALNOŚCIĄ,SZCZECINEK,KOŚCIUSZKI 38,943726700,sekretariat@szpital.szczecinek.pl
507,16,Zachodniopomorski  OW NFZ,"""SZPITALE POLSKIE"" SPÓŁKA AKCYJNA",DRAWSKO POMORSKIE,BOLESŁAWA CHROBREGO 4,94 36 30 341,sekretariat-drawsko@szpitale-polskie.pl
508,16,Zachodniopomorski  OW NFZ,PRZYJAZNY SZPITAL W POŁCZYNIE ZDROJU SPÓŁKA Z OGRANICZONĄ ODPOWIEDZIALNOŚCIĄ,POŁCZYN-ZDRÓJ,SZPITALNA 5,943662524,sekretariat@szpitalpolczyn.pl
509,16,Zachodniopomorski  OW NFZ,"SAMODZIELNY PUBLICZNY SPECJALISTYCZNY ZAKŁAD OPIEKI ZDROWOTNEJ ""ZDROJE""",SZCZECIN,MĄCZNA 4,091/8806250,biuro_dyrektora@zoz-zdroje.pl
510,16,Zachodniopomorski  OW NFZ,AFFIDEA ONKOTERAPIA SPÓŁKA Z OGRANICZONĄ ODPOWIEDZIALNOŚCIĄ,KOSZALIN,CHAŁUBIŃSKIEGO 7,(22) 526-11-00/01,polska@affidea.com
,,,,,,,
,,,,,,,
,,,,,,,
,,,,,,,
,,,,,,,
,,,,,,,
,,,,,,,
,,,,,,,
,,,,,,,
,,,,,,,
,,,,,,,
,,,,,,,
,,,,,,,
,,,,,,,
,,,,,,,
,,,,,,,
,,,,,,,
,,,,,,,
,,,,,,,
,,,,,,,
,,,,,,,
,,,,,,,
,,,,,,,
,,,,,,,
,,,,,,,
,,,,,,,
,,,,,,,
,,,,,,,
,,,,,,,
,,,,,,,
,,,,,,,
,,,,,,,
,,,,,,,
,,,,,,,
,,,,,,,
,,,,,,,
,,,,,,,
,,,,,,,
,,,,,,,
,,,,,,,
,,,,,,,
,,,,,,,
,,,,,,,
,,,,,,,
,,,,,,,
,,,,,,,
,,,,,,,
,,,,,,,
,,,,,,,
,,,,,,,
,,,,,,,
,,,,,,,
,,,,,,,
,,,,,,,
,,,,,,,
,,,,,,,
,,,,,,,
,,,,,,,
,,,,,,,
,,,,,,,
,,,,,,,
,,,,,,,
,,,,,,,
,,,,,,,
,,,,,,,
,,,,,,,
,,,,,,,
,,,,,,,
,,,,,,,
,,,,,,,
,,,,,,,
,,,,,,,
,,,,,,,
,,,,,,,
,,,,,,,
,,,,,,,
,,,,,,,
,,,,,,,
,,,,,,,
,,,,,,,
,,,,,,,
,,,,,,,
,,,,,,,
,,,,,,,
,,,,,,,
,,,,,,,
,,,,,,,
,,,,,,,
,,,,,,,
,,,,,,,
,,,,,,,
,,,,,,,
,,,,,,,
,,,,,,,
,,,,,,,
,,,,,,,
,,,,,,,
,,,,,,,
,,,,,,,
,,,,,,,
,,,,,,,
,,,,,,,
,,,,,,,
,,,,,,,
,,,,,,,
,,,,,,,
,,,,,,,
,,,,,,,
,,,,,,,
,,,,,,,
,,,,,,,
,,,,,,,
,,,,,,,
,,,,,,,
,,,,,,,
,,,,,,,
,,,,,,,
,,,,,,,
,,,,,,,
,,,,,,,
,,,,,,,
,,,,,,,
,,,,,,,
,,,,,,,
,,,,,,,
,,,,,,,
,,,,,,,
,,,,,,,
,,,,,,,
,,,,,,,
,,,,,,,
,,,,,,,
,,,,,,,
,,,,,,,
,,,,,,,
,,,,,,,
,,,,,,,
,,,,,,,
,,,,,,,
,,,,,,,
,,,,,,,
,,,,,,,
,,,,,,,
,,,,,,,
,,,,,,,
,,,,,,,
,,,,,,,
,,,,,,,
,,,,,,,
,,,,,,,
,,,,,,,
,,,,,,,
,,,,,,,
,,,,,,,
,,,,,,,
,,,,,,,
,,,,,,,
,,,,,,,
,,,,,,,
,,,,,,,
,,,,,,,
,,,,,,,
,,,,,,,
,,,,,,,
,,,,,,,
,,,,,,,
,,,,,,,
,,,,,,,
,,,,,,,
,,,,,,,
,,,,,,,
,,,,,,,
,,,,,,,
,,,,,,,
,,,,,,,
,,,,,,,
,,,,,,,
,,,,,,,
,,,,,,,
,,,,,,,
,,,,,,,
,,,,,,,
,,,,,,,
,,,,,,,
,,,,,,,
,,,,,,,
,,,,,,,
,,,,,,,
,,,,,,,
,,,,,,,
,,,,,,,
,,,,,,,
,,,,,,,
,,,,,,,
,,,,,,,
,,,,,,,
,,,,,,,
,,,,,,,
,,,,,,,
,,,,,,,
,,,,,,,
,,,,,,,
,,,,,,,
,,,,,,,
,,,,,,,
,,,,,,,
,,,,,,,
,,,,,,,
,,,,,,,
,,,,,,,
,,,,,,,
,,,,,,,
,,,,,,,
,,,,,,,
,,,,,,,
,,,,,,,
,,,,,,,
,,,,,,,
,,,,,,,
,,,,,,,
,,,,,,,
,,,,,,,
,,,,,,,
,,,,,,,
,,,,,,,
,,,,,,,
,,,,,,amiecznikowska@uck.gda.pl,
,,,,,,jbielecka@spzoz-czluchow.pl ,
,,,,,,p.brozyna@szpital.slupsk.pl,
,,,,,,marketing@szpital.chojnice.pl,
,,,,,,wioletta_schabowska@tlen.pl,
,,,,,,mkulpan@copernicus.gda.pl,
,,,,,,sekretariat@szpital-lebork.home.pl,
